,문장
0,ㅋㅋㅋ
1,윤석열 한동훈 쳐망할짓만함
2,미쳐 날뛰네.광화문집회 연설에 안세워주니 미쳐 돌아버렸냐?주제를 알라.
3,윤석열 저거 사악한 사회주의자임
4,반드시 막아야함
5,이 나라가 언제 정신차릴까
6,"우파라는 모자를 쓰고 휘드르니 노예근성의일부 우파 인사들까지 동조 더 심각하다.문재인이재명은 드러난 좌파라도 되지.문재인 못다이룬 꿈 윤석열이 열심이다.나라를 절단낸다 북, 중과 평준화로."
7,윤석열도 속은거라면  부산엑스포와 이번 의사탄압 부추긴 놈들 책임지고 사퇴시켜야함. 의사들 억대 연봉받는다고 서민들 자극시키는것도  너무 치졸함. 그럼  유재석이나 이정재는 돌로 처죽이기라도 해야하나? 의사보다 더 연봉많은 기득권이니까
8,ㅋㅋㅋ
9,ㅋㅋㅋㅋㅋㅋㅋㅋㅋㅋㅋㅋㅋ
10,ㅋㅋㅋㅋㅋㅋㅋㅋㅋ
11,ㅋㅋㅋㅋㅋㅋㅋㅋㅋㅋㅋㅋ
12,ㅋㅋㅋㅋㅋㅋㅋ
13,ㅋㅋㅋㅋㅋㅋㅋㅋㅋㅋㅋ
14,ㅋㅋㅋㅋㅋ
15,ㅋㅋㅋㅋㅋㅋㅋ
16,ㅋㅋㅋ
17,친윤들 다낙선해라
18,입틀막 도장깨기
19,이번에는 어느당 대변인이냐?
20,의새당도 하나 만들어라
21,시중 여론조사 백퍼 지지율 조작
22,전청조총련 왕진진보 연합....북한땅에 파라다이스 지상낙원을 건설햇다는 본사 일성그룹의 지령에 따랐을게 불보듯 훤한...
23,찢죄명문재앙한텐 찍소리도 못하고 과학자 .의사나 괴롭힐려고 대통령하나? 문재앙이 막무가내로 원자력 때려잡을때랑 너무 비슷해서 소름끼침
24,간첩은 놔주고 의사쌤들은 잡아넣는다네. 시진핑이냐? 와 미쳤네
25,윤진핑
26,검찰독재 맞지 - dc App
27,"완전 정신병자네! 제정신 이냐? 파업 한다면서 먼저 협박 한게 우군데? 자업다득, 뿌린데로 거두는거다."
28,자유 민주국가에서 직업 전환의 자유가 있는데 추가 모집의 자유는 없누? 의사 때려치고 다른거 하면 되는데 왜 안하누?
29,ㅇㅇ
30,여론조작해야하는데 눈치 보이겠네 저놈들
31,보수는 비위만 살짝 맞춰주면돼. 윤석열총장은  문재인 대통령의 가장 믿을 만한 충신이야. 결국 언젠가는 반드시 다 알게 될 거야
32,역시 와이케이님
33,반드시 막아야함
34,사병 월급 인상으로 장교 자퇴 급증국방력 악화 킬러문항 배제로 학력 하향 평준화 모두 상향이 아니라 파괴로가는 길만 택함. 누구 지령이냐. 국가 발전을막고 중구과 북한을 이롭게 하는 일만 .친미로 위장 하고 안하무인 이 재명 절대싸우지 않음.
35,근데 다 떠나서 약사놈들 전통적으로 민주당 쪽이고 의사들이 우파성향이 많은데 윤석열 이새낀 진짜 레전드긴하다
36,진짜 이 새끼 보수쪽 대표로 내세운 홍석현 이 새끼가 진짜 대한민국 찢어죽일 매국노다
37,거기 부응해 같이 푸쉬해준 가세연 비롯 스피커새끼들
38,서민이 뽑아줬더니 서민들 세금폭탄에 열심히 살아서 집한채 있는 사람들만 피해보는 정책들 개쓰레기
39,코로나때 의사들 월급인상없이 출퇴근없이 가족도 못보고  병원에서 숙식하며  염전노예수준으로 환자돌보며 희생하던거 쌩까고 의사를 기득권으로 매도하며 부하취급하는 윤쩌뚱의 문화대혁명. 차라리 죽창으로 찌르는게 덜 잔인하겠다
40,이젠 이런 주장 걸러듣기로 했다무조건 쌍방 이야기 들어야해일방적으로 한쪽 이야기만으로 판단하지않기로 했다지금껏 선전ㆍ선동에 너무 많이 속았고 가스라이팅 당했다  - dc App
41,한동훈 좌파인건 알지?
42,중공의힘....리중공돌 대를이은 시택똥훈
43,달구&광주의 달빛동맹 달빛철도
44,도대체 어떻게 이런 정신질환자를 대통령으로 지지할수 있는지 의문이다
45,이건 좀 조심해랴~1좀 신중해야~1
46,환자가 모자라 일년에 600억넘게 적자보는 성남의료원보고도 의사수 적다는 소리가 나오냐? 옆에서 쓰레기같은 정책 부추기는 정신병자나  입원시켜라. 의사수만 존나많은 나라들 의료수준 쓰레긴거 다아는데 무상의료하는 북한식의료서비스 제공이 최종 목표냐? 국민들이 바보로 보이냐?
47,의료민영화만 문제가 아님. 의료 민영화 만약에 통과시킨 이후에 약값도 손댈것임. 그렇게 되면 약값도 엄청나게 오르겠지 윤석열 저 미친놈을 반드시 막아야함.
48,독재자는 이런 새끼가 독재자지
49,푸틴은 R&D예산 삭감은 커녕 더 늘리는 지도자임. 대부분 선진국 지도자들이 그러하고 근데 저새끼는 그걸 삭감하는 개또라이 새끼임
50,러시아 독재자 푸틴도 처음엔 저렇게 시작함...ㅠㅠ
51,일본도 저 지랄 안 떤다
52,ㅋㅋ 정말 비교된다
53,의인.
54,권력 압력에 못이겨 억지로 하는 듯한 저 악수 ㅋㅋ
55,찢좌빨한테 한번 이용당했는데 국힘좌빨이 또 이용해먹을려니 짜증날만도 하지.정치기득권들이 사람생명살리는 의사들 심판하고 마녀사냥하고 선거때면 이용해먹고 의사들이 뭔죄야? 의사가 모자란게 아니라 정치쓰레기들이  의사들을 사명감 포기하게 만드는거지. 돈포기하고 사명감으로 희생하고 봉사해도  죄인되고 인생망치는데 어느 의사가 희생하고싶겠니?
56,역시 똑똑하네
57,정치 입문 거절도 잘했고
58,둘이 친하다는데 무슨 헤어질때 이국종이 만화책도 선물함
59,이국종은 저런 정치쇼하는 사람들 제일 싫어하는 티가 남
60,한동훈이가 가식덩어리라 그러지 ㅋㅋ
61,이국종 국힘싫어하겟지 ㅋㅋㅋ
62,홍어가 만선이노
63,알엔드예산 줄인것은 좀 신중했어야~!
64,5공화국 때 시민항쟁하다가 끌려나가는 모습 같다
65,윤 말로가 걱정  - dc App
66,전에 국회의원도 한소리했다고 경호원들이 저리 개처럼 끌고갔지
67,저거 보고 그 안정권마저도 윤석열이랑 그 패거리들 아량이 그것밖에 안되는 사람들이냐고 어제 방송에서 존나 욕하더라
68,안희정차차차기  - dc App
69,나는 장원영 아이유  - dc App
70,기막히긴하다진짜 ㅋㅋㅋㅋㅋ말투 개지린다 진짜   - dc App
71,대통령 김건희 국무총리 전청조. 가슴이 웅장해진다
72,그것도 자기나라 국민들을 빨갱이로 몰아세우고 ....
73,"====보도연맹 우익 학살 앞장서자 국군이 예비검속… 억울한 희생 이어져[6.25전쟁 70주년] 김재동 목사의 잊지 말아야 할 그때 그 역사 <11>국민일보2020. 5. 28. — 대한민국 정부는 ‘좌익사상에 물든 사람들의 사상을 전향시켜 이들을 보호하고 인도한다’는 취지에 따라 공산주의에서 전향한 좌익을 통합·관리하기 위해 1949년 6월 국민보도연맹이라는 단체를 조직했다.문제는 6·25전쟁 발발 3일 만에 인민군에 의해 서울이 점령당하면서 보도연맹원들의 상당수가 다시 전향해 인민군에 부역하며 우익색출 및 인민재판에 앞장섰다는 것이다. 당시 서대문형무소와 마포형무소, 인천형무소에서 나온 9000여명의 남로당원과 보도연맹 가입자는 인민위원회를 조직하고 인민재판을 통해 양민을 학살했다."
74,"역사 구라쟁이 황현필, 이제 들통다났는데, 아직도 이런게 먹힐거라 생각하냐?"
75,미시경제어떻게생각하냐  - dc App
76,"====그땐 평양서 효리·젝키 공연, 평창엔 북한 걸그룹 오나요한겨레광고의 주인공은 당시 최고 인기를 누리던 가수 이효리씨와 북한 만수대예술단 소속 무용수 조명애씨. 조씨는 2002년 부산 아시안게임에 북쪽 응원단으로 와 큰 관심을 ...====흑금성 사건나무위키흑금성은 북한을 방문했을 때 김정일을 직접 만났다고 알려졌으며[21] 장성택을 ... 이효리와 북한 배우 조명애가 각각 나와 광고가 촬영되어 상영되었다. 실제 광고 ..."
77,민주당 러브콜 각 아니냐
78,이효리 결혼 했어
79,부산횟집 식비 나 공개 해라 석열아~~~
80,영수증 없는 특활비나 어디다 썼는지 내놔봐라
81,당연히 김건희 수사와의 형평성 문제가 제기될 수밖에 없는 상황인데...이렇게 되면 잊고 있던 사람들도 다시 김건희 특검문제를 생각할 수밖에 없는데. 김건희 특검 이슈를 계속 끌고 가야 하는 민주당 입장에서는 동력을 얻게 되는 것 같은데. 검찰이 너무 어설픈 판단을 하고 있군.
82,이제 꺼리도 없나보네. 총선 대비해 고작 꺼낸게 김혜경법카. 유동규 계양출마? 그리고 2년 가까이 지났으면 좀 다른거라도 찾았어야지 아직도 7만8천원 가지고 이러는거야? 하루가 멀다 하고 나오는 애는 나중에 어떡하려고?
83,원희룡 법카 압색안하네 ㅋㅋㅋ
84,윤 두 창
85,두 창 견
86,응 천만원 ㅋㅋㅋ
87,윤석열 검찰총장 시절 2년 안되는 동안의 특활비 147억 행방부터
88,그리고 언론과 검찰의 유착 보도망신주기성 선택적 보도를 언제까지 지켜봐야할까300만원 넘는 디올백 수수건은 다루지도 않으면서
89,ㅋㅋㅋㅋㅋㅋㅋㅋㅋㅋㅋㅋㅋ
90,ㅋㅋㅋㅋㅋㅋㅋㅋㅋㅋ
91,ㅋㅋㅋㅋㅋㅋㅋㅋㅋㅋㅋ
92,ㅋㅋㅋㅋㅋㅋㅋㅋㅋㅋㅋㅋㅋ
93,ㅋㅋㅋㅋ
94,ㅋㅋㅋㅋㅋㅋㅋㅋㅋㅋㅋㅋㅋ
95,ㅋㅋㅋㅋㅋㅋㅋㅋㅋㅋㅋㅋㅋ
96,ㅋㅋㅋㅋㅋㅋㅋㅋㅋㅋ
97,ㅋㅋㅋㅋㅋㅋ
98,역대급완승 예상됨  - dc App
99,이재명 때문에 실패 안타깝노  - dc App
100,절라도것들은  더듬어 넘들이 무슨짓을 하던  무조건 찍어주니까
101,다부러공산당
102,ㅋㅋㅋㅋ  - dc App
103,다른걸 떠나서 국민 안심시키려 녹음해놓은거 방송에 틀어재끼면서는 지 혼자 살겠다고 피난길에 다리 끊어버려 피난민 다죽게 만든 짐승임
104,다케시마를 군대없어진 일본 상대로 무력으로 점거해서 뺏어온것부터가 인성이 덜됐음
105,"1타강사 전한길, 건국전쟁 안 봤으면 나대지마 ㅋㅋㅋㅋㅋ"
106,맞지  - dc App
107,황교익 팩트라 반박 못하겠다 조국은 이미 여론 나쁜데 ㅋㅋㅋ
108,검찰발 언론플레이?
109,엠빙신은 왜저래?
110,개딸들 정신병 걸림??? ㅋㅋㅋㅋㅋㅋ 김인섭 김용 정진상 윗선이 누규????
111,고물가 내버려둔 것은 벌받아야지 - dc App
112,====[에디터픽] 푸틴의 은밀한 조력자... 그리고... ‘살벌한’ 경고 / YTN YTN구독자 433만명11시간 전....https://youtu.be/kYV3yo6smZ0
113,이분 정잘알이네
114,ㄹㅇ
115,재한조총련 부정선관위가 주최하는 세기와더불어우리북한당 나견이&리중공돌 중공의힘의 야사우사기 프로레스링 연쇄부정선거반란
116,민주당도 이민청 추진공약이었다 똥걸레 중에 하나다 찍을당이 없다
117,일본은....아베..암살범의...모든것을..다..공개했는데.....
118,"보자니 봉하마을서 찍혓다는 영상의 찌르는 동작도 연출에 의한 연기로 보이던데...생명기 시술후에, 돼명이를 생명살 할려고 쫒아댕김서 예행연습까정 햇다는 증거영상으로 보여줄려고 부러 찍었거나 찍힌 연기영상"
119,"영국 이코노미스트 ""윤석열정권 경제성적, OECD 2위"" https://www.joongang.co.kr/article/252157251찍은 아직도 조국 찢 빨아댐???"
120,민주당놈들 41%가 전과자..문재앙 나라빚 1000조원 만들어 놓고 도주.
121,찢재명 부터 어떻게좀 하고 2찍 거려라. 찢이나 지지하는 수준이 남한테 뭐라하면 안된다
122,글만 보면 2030인줄 알거아냐ㅋㅋㅋㅋㅋㅋㅋㅋ
123,글투는 열심히 젊은티 내려고 애썼는데 역시 뇌에 구멍이 있어서 어쩔ㅜ
124,그냥 트롯트 아줌 부대라고 보면 됨
125,조국 송영길 찢 ㅋㅋㅋㅋㅋ 범죄 어벤저스 ㅋㅋㅋㅋㅋ
126,이게뭐하는짓거리다냐  - dc App
127,틀딱들 홀리는 오컬트 의식이냐 뭐냐ㅋㅋ
128,북한스러워
129,헐 ㅋㅋㅋ
130,실화냐? ㅋㅋ
131,헐 국민들이 생각하는게 현실이었네
132,총선끝나면 100% 특검
133,대통령이 공영방송에서 뇌물 수수 범죄 인정한거니?
134,신천지???  - dc App
135,"https://youtu.be/vsQXcQsL0nk?si=7gi8wic2qUYgfVwd""이 세상은 '금수대도술'에 지배되어 있다"""
136,ㅈㄹ하네
137,ㅈㄹ
138,조별예선에서 4강까지 90분 경기 결과 1승4무 1패 ㅋㅋㅋㅋㅋㅋ잘한거냐?ㅋㅋㅋㅋ
139,얜 말을 진짜 못함 ㅋ
140,얼굴에 연탄칠하고 머하노 ㅋㅋ
141,너도 할일도  없다   - dc App
142,윤두창 한테 똥꼬 대주는 맛있는 새끼 ㅋㅋㅋㅋ  - dc App
143,이게 뭔말인지 민주당처럼 이해 못하네 ㅋㅋ
144,억지 공격이란다. 지가 원인 제공하고 불 질러놓고. 뻔뻔한 새끼.ㅉㅉ  - dc App
145,일부러 병신 소리하네 ㅋ 병신 새끼가 ㅋ  - dc App
146,미친놈이노 - dc App
147,할말이 없으면 일단 말을 많이 한다
148,김경재 최대집 송영길 대통령ㅋㅋㅋㅋ 엌ㅋㅋㅋㅋㅋ
149,변가놈은  좌우양쪽에서 퇴출시켜야
150,"김경재 대통령 설은 빤쓰가 먼저 했다.  ""미래 대통령 김경재로 하나님 계시를 받았다"" 고 ."
151,관봉권아줌마는 누구한테 관봉권받았는지나 수사해. 관봉권주라고 명령한 그 새끼도 친북일껄?
152,박근혜는 없는죄로 굴비짓 하더니  - dc App
153,한동훈은 계속 자멸수를 두는구만
154,슬픈늑대 ㅋㅋㅋㅋㅋ
155,자업자득
156,공작에 또 당한다.그놈이 하야할 놈리냐.얼마나 속아야 돼.
157,식물 대통령되는건 기정 사실
158,조국 이 인간 2심에서 2년형의 집행을받은 허접한 인간이 현직 대통령에게 특별한 내용도없이 하야를 논하다니 이는 처벌의 대상으로 봐야한다
159,ㅎㅎㅎ - dc App
160,'부정선거 불의를 보고서도 일어나지 않는 백성은 죽은 백성이나 다름이 없지. 불의를 보면은 일어나야 해.'
161,ㅋㅋㅋ
162,제일껌
163,'관악 보궐선거 500표 조금 더 받은 거' <<< 퍼센티지로 치면 0.74%ㅋㅋㅋㅋㅋㅋㅋㅋㅋ 영점칠사 ㅋㅋㅋ
164,노 차이나 한다더니 중국제품 판매1위  - dc App
165,노재팬해도 가성비가 좋으니까 그랬겠지. 그리고 대부분이 경상도애들이 간거임 등신아.   - dc App
166,밥은?  - dc App
167,잠은?  - dc App
168,대답 해라 최성엽  - dc App
169,2찍이들이 많이놀러갔구나 ㅋㅋㅋ
170,2찍 토착왜구들이 일본가서 1위 만들어 준거잖아 ㅋㅋㅋㅋㅋㅋㅋㅋㅋㅋㅋㅋㅋㅋㅋㅋㅋ
171,일뽕들이나 가지 국뽕새기들이 가겠냐?
172,한동훈이가 박그네 비판하나 부다~!박그네 정계 관련안한다는 말 믿지마라~!
173,ㄹㅇ
174,으읏
175,힐 신었네ㅋㅋㅋㅋㅋㅋ
176,ㅋㅋㅋㅋㅋㅋㅋㅋ
177,대박
178,연쇄역사조작반란+연쇄부정선거반란=연쇄쌍끌이반란의 공범인 세기와더불어우리북한당 & 중공의힘 반역매국노들
179,기득권 패악질이 극에 달했다언론 장악해 한쪽입장서 선동호도 일삼고 정부 중립기조 다 무시한 채 오로지 일신 안위+기득권 보호 위한 국정 기조
180,"문 재인은 영끌 신조어 만들며부동산 폭등시키더니 청년층을 골로 보내고 있다.함량미달의 문재인, 윤석열."
181,의료 수준 저하를 가져오고 병원 장비등 부수적인 준비가안된상태에서 교육 부실 상대적 다른 분야 생태계 마져 파괴 시키고 당사자에 엄청난 혼란을 야기 시킨다. 즉흥적인 정책 대상이 아니다.한마디로 의료 파괴일뿐 윤 석열 앞엔 모두 파괴다.
182,선진국 의대정원은 매우 엄격하다.어려운 공부로 그들의 파이를 인정해 준다.엄청난 돈과 노력을. 결코 무시하지 않는다.즉흥적으로 접근할 문제가 아니다.노무현이 로스쿨 만들더니 윤 석열이 의료계박살내네.
183,신천지 선거개입 지시 https://n.news.naver.com/article/079/0003861441?cds=news_edit
184,의사부족으로 잘한거라는 사람들의사를 일용직 수준으로 만들려는사회주의적 발상. 어차피 의사는 대도시에 집중된다.
185,어짜피 총선 끝나면 흐지부지 된다. 여론 선동용 공약에 불과하다 한두번이냐...
186,폼 빠짝스긴했지 ㅋㅋ
187,신천지 선거개입 지시  https://n.news.naver.com/article/079/0003861441?cds=news_edit
188,국짐 청년정치 수준ㅋㅋㅋㅋㅋㅋㅋㅋㅋㅋㅋㅋㅋㅋㅋㅋㅋㅋㅋㅋㅋㅋㅋㅋㅋ
189,서민 씨 큰일이네ㅋㅋㅋㅋㅋㅋㅋ
190,아이고 ㅋㅋㅋ
191,이후로 줜니 조용~ 언급도 없음ㅋㅋㅋㅋㅋ
192,님이 윤두창 정말 잘 패시네
193,이건  대찬성  ㅋㅋㅋㅋㅋㅋㅋㅋㅋㅋㅋㅋㅋㅋㅋㅋㅋㅋㅋㅋㅋㅋㅋㅋㅋ
194,상속세 다 내는데 뭔 디스카운트 ㅋㅋㅋㅋㅋ상속세 안내봤냐 1찍아
195,사리분별 못하는 2찍들 때문에 코리아디스카운트 초래 ㅋㅋㅋㅋㅋㅋㅋㅋㅋㅋㅋㅋㅋ
196,사법 체계가 완전히 붕괴된 나라
197,김경재 조원진 최대집 송영길ㅋㅋㅋㅋ하나같이 변뚱가까이하다 폭망했넼ㅋㅋ
198,박근혜 홍준표 이재명 등 양당 주류 정치인들한테 들러붙고 싶어서 온갖 어그로 관종짓해도 상종도 안해주고 인간취급도 안해주고 욕만쳐먹는거 실체만 다 들키니깐누가 지 이름 언급만 해주면 황송해서 절대 찬양ㅋㅋㅋㅋㅋ무조건 대통령 만들수 있다며 돌대가라 할매들 가스라이팅 돈 뜯는 치트키로 써먹는거지교주님이 점지해주면 대통령도 되고 온 우주 미국 북한 세계 질서 태블릿으로 다 움직일수 있다고 세뇌당한 정신병 미친년들임   - dc App
199,변희재 왜까냐???  우파쪽에 있지도 않는데  프로분탕러 변희재 좌파 쪽에  자리 잡고 있어서 너무  좋다~~  좌파끼리  쌈  존나 하더라 ㅋㅋ
200,세상 물정 모르는것이 정치 하겠다고 설치하고 있으니
201,개표까정 5일이니 걸리는 전세계서 젤 느린 부정선거거북이 사전선거 + 전세계서 젤 빠르다는 부정선거토끼 전자개표기 = 재한조총련 부정선관위가 주최하는 세기와더불어우리북한당 & 중공의힘의 야바우사기 프로레스링 블랙코미디 남한선거판
202,지랄
203,ㅋㅋㅋ 잘그렸노
204,까치발은 무슨 까치발이요??
205,똑똑 택배왔습니다.ㅋㅋㅋㅋㅋㅋㅋ
206,입장료가 기본 수백만원짜리 명품백?ㅋㅋㅋㅋㅋㅋ
207,참 x랄도 풍년이네ㅋㅋㅋㅋㅋ
208,스벅 가는 당신들은 이제 중산층이상 ㅋㅋㅋㅋㅋㅋㅋㅋㅋㅋ
209,월급으로는 못가고 특활비로만 가는 곳인가?ㅋㅋㅋㅋㅋㅋㅋㅋㅋ
210,ㅋㅋㅋ변뚱을  믿었음?
211,변희재 탈출은 지능순
212,국회로 보내주라.머저리들 보내지 말고메기를 넣어보자.
213,꼬우면 1인 시위라도 하던가 병신아 변희재에 부들부들하는 병신 수박새끼랑 두창견새끼들 3~4마리끼리 다중질에 개념주작질하고 자빠짐 ㅋㅋ
214,항상 선거때만 되면 신당 어그로 출마쇼로 이중삼중 후원금 구걸하러 다니는게 주특기인데 뭘  다 예상하던일 ㅋㅋㅋㅋㅋㅋㅋㅋㅋㅋㅋㅋㅋㅋ 돌대가리 정신병자 거지할매들  돈만 털리겠지 지들 돈 없으니깐 또 들러붙으려고 바퀴벌레처럼 기어나올거고   - dc App
215,"무죄추정의 원칙도 모르냐 니가 판사야 뭐야ㅋㅋㅋ최소 몇년 확정적 ㅇㅈㄹ 두고보면 알 일. 주댕이 함부로 놀리지마. 니 주댕이로 쏜 화살, 그대로 너한테 날아와 박힌다   - dc App"
216,저놈 특징이 조금만 틀어져도  마치 사람안볼것처럼 인신공격해대는 습성이 있음 보수에서 끊임없이 그짓하다 퇴출당함
217,ㅋㅋㅋㅋ  - dc App
218,닭그네와 다정한 투샷인가..
219,우리 북한 빨갱이 ㅅㅋ가 야당대표 ㅋㅋㅋㅋㅋㅋㅋ 기가 차네 ㅋㅋㅋㅋ
220,사실 아님?
221,https://www.lawtimes.co.kr/news/191476 제대로 읽고 오세요 재판부가 구체적으로 뭐라고 했는지
222,구체적인 사유를 확인하세요 ㅇㅇ
223,진보좌좀 년넘들은 북한에 뭐 약점 잡혔냐?
224,"주둥이만 열면 민주타령, 독재타도 외치는 진보좌좀 년넘들  북한 독재자는 절라 좋아함,  병신들"
225,현재진행형인 연쇄역사조작반란의 공범인 세기와더불어우리북한당 수석북괴군 돼명이와 중공의힘 수석뿌락치 모택동훈의 6.25전쟁 역사공방...
226,온세상이 아주 빨갱이다 참 힘들게 산다
227,ㅋㅋㅋㅋㅋㅋㅋㅋㅋㅋㅋㅋㅋ
228,ㅋㅋㅋㅋㅋㅋㅋㅋㅋㅋ
229,ㅋㅋㅋㅋㅋㅋㅋㅋㅋㅋㅋㅋ
230,ㅋㅋㅋㅋㅋㅋㅋㅋㅋ
231,ㅋㅋㅋㅋ
232,ㅋㅋㅋㅋ
233,ㅋㅋㅋㅋㅋㅋㅋㅋㅋㅋㅋㅋㅋㅋ
234,ㅋㅋㅋ
235,ㅋㅋㅋㅋㅋㅋㅋㅋ
236,ㅋㅋㅋㅋㅋㅋㅋㅋㅋ
237,ㅋㅋㅋㅋㅋㅋㅋㅋ
238,ㅋㅋㅋ
239,ㅋㅋㅋㅋㅋㅋ
240,ㅋㅋㅋㅋㅋㅋㅋㅋㅋㅋ
241,ㅋㅋㅋㅋㅋㅋㅋㅋㅋㅋㅋㅋㅋ
242,재한조총련 예비북노예 예비조선족 동포들아~ 석열이 건히 모택똥훈이 다 느그편 빨갱이뿌락치 간첩들이다
243,"====""부정선거 막을수 있나?""에 대한 답변 충격적 [한성천 前 중앙선관위 노조위원장]이봉규TV구독자 86.7만명3시간 전....https://youtu.be/ksYOLBoDTB0"
244,미국은 동맹이라고 해놓고 정작 무기만 팔아먹고 자기네들의 무기 과학 기술은 전수도 안해주는게 팩트야 누가 우방인지 분간이 안되냐?
245,윤석열은 탄핵당하고 하야 당해도 싼놈임. 지금 하는 꼬라지를 보면
246,러시아 자체에 대해서는 고마운것에 동의하는데 푸틴같은 독재자는 아님. 그리고 군사기술을 러시아가 한국에 헐값에 넘겨준것은 미국에게 혼줄이 나서 경제적으로 힘들기 때문이엇다는 것도 작용한 것임. 즉 러시아가 무너지면서 러시아가 먹고 살기 힘들자 자국의 과학 기술도 팔 생각을 한 것임
247,그러하다
248,변똥은 다른거 필요없이 변똥이 나불댔던 말로 패주면됨
249,준슥이 ㅋㅋㅋㅋㅋ
250,확실히 준석이 전투력이 ㅎㄷㄷ함
251,리중공돌 모택똥훈의 프로레스링
252,NYT 에 등장 성공 했다.Dior Pouch Gall.
253,박쥐 변희재
254,논객은 제대로 사실을 알려줘야된다면서 타방송과 지방송에서 하는 말이 정반대임ㅋㅋㅋㅋ
255,YS : 박근혜는 칠푼이 ㅋㅋ JP : 박근혜는 향단이 ㅋ
256,저 ㄷㅅ련 저딴련이니 탄핵당하지ㄷㅅ인게 얼마나 퍼졌길래 두창새끼나 가발새끼나 대놓고 저러냐ㅋ
257,"====김정은의 한마디에 주사파들 심각한 내분, 왜? - 2월 2일 클립차명진TV구독자 12.5만명14시간 전...https://youtu.be/TYwjm6Ph9-o"
258,ㅋㅋㅋㅋㅋㅋㅋㅋㅋㅋㅋㅋㅋㅋ
259,ㅋㅋ
260,ㅋㅋㅋㅋㅋㅋㅋㅋㅋㅋㅋㅋㅋ
261,ㅋㅋㅋㅋㅋㅋㅋㅋㅋㅋ
262,이게 윤석열 제일 헛소리였음 ㅋㅋㅋ 근데 생각보다 안 커지더라
263,똑똑하기만 하구만 왜 그래?  억까도 이런걸 억까하는 걸 보니 정말 깔게 없는 모양이군 ㅋㅋㅋ - dc App
264,ㅋㅋㅋㅋㅋ
265,ㅋㅋㅋㅋㅋㅋ
266,ㅋㅋㅋㅋㅋㅋㅋㅋㅋㅋㅋㅋㅋㅋ
267,ㅋㅋㅋ
268,ㅋㅋㅋㅋㅋㅋ
269,ㅋㅋㅋㅋㅋㅋㅋㅋㅋㅋ
270,ㅋㅋㅋㅋㅋㅋㅋㅋㅋ
271,ㅋㅋ
272,ㅋㅋㅋ
273,ㅋㅋㅋㅋㅋㅋㅋㅋ
274,ㅋㅋㅋㅋㅋㅋㅋㅋㅋㅋㅋㅋㅋ
275,ㅋㅋㅋ
276,나라 망신 ㅋㅋㅋㅋㅋ
277,근데 너 어짜피 국짐대선후보로 가발놈이 되면 찍을거잖아ㅋ 윤두창도 찍은놈이
278,김중공인 리중공돌의 중공의힘....그리고 중공의힘 수석뿌락치부역자 모택동훈
279,주변에 쟤네 전부 동원된 당원ㅋㅋ
280,왼쪽앞에 키작고 얼굴 흰애는 수행보좌관인데?
281,뭐야 나 구리시 사는데 많고 많은 시장중에 왜 구리시장 옴?  - dc App
282,당연하지 지도 해먹으려고 별 잡소리외치며 연동형무새짓하는거
283,변똥 태블릿재판 다지니까 자기실체드러날까봐 정치권에 줄대려고 저짓중
284,ㅋㅋㅋㅋㅋㅋㅋㅋㅋㅋㅋㅋㅋㅋ
285,똥돼지네와 중공의 남한정치판 자살들쥐떼 레밍화공작
286,또?
287,검찰 종특 ㅋㅋㅋㅋㅋ프레임 전환과 왜곡 ㅋㅋㅋㅋㅋㅋ
288,저거 볼 때마다 들은 생각인데 막상 설문조사는 응했는데 귀찮아서 저렇게 응답한거 아니냐? 난 저런거 안받아봐서 모르겠다.
289,모름 없음
290,한게 없으니
291,아무 생각 없을듯
292,그말이 맞다~!!아무생각없다~!!!!!ㅋㅋㅋ하하~!
293,연동형무새 ㅋㅋㅋㅋㅋ
294,변희재 반대로만하면 선거 이김
295,정신병자들 아니냐?ㅋㅋㅋㅋ
296,"그렇군요~.오늘 쉬게되어 볼일보러 이동중인데,덕분에 좋은 소식을 듣습니다. 두 대통령의 소통에 유감을 표하는 분들도 얼마간 있다고 들었어요.그럴만두 하지만 박통께서 만약에, 윤통 너희들은 상대도 안해줄거며 복수할거야 빼애액 이러시면 의연커나 큰인물이 아닌것 같아요."
297,올해는  악마같은 진보좌좀 년넘들 청소 시작의 원년.
298,박근혜가 한동훈 만난다고 한적은 없는데
299,민주당이 ㅂㅅ인 이유 https://m.dcinside.com/board/rusiaukra/690762?recommend=1
300,"좋은 글 올려주셔 감사.취재원 보호라던가 우리가 모를만한 사정이jtbc에 있었을 수도 있었겠으나,당시에 쫌 이상하게 방송된 부분들도 있었죠.그건 그렇고 위의 본문내용을 변희재씨도 모르고 있진 않았을테고,진작에 알고 있었을것도 같지 않나요?"
301,테블릿을 7년 넘게 붙잡고 지금까지 해 온 그 공들이 변대표및 동지와 팬 분들에 적지 않게 있다고  봅니다.다만  변팬분들도 변대표의 주장들을 모은 책이 진실의 검이라던가 절대무기라는 생각은 재고 해 볼 때도 되었지 않나 싶습니다. 아니면 오류나 실수들은 없지않나를 되돌아 점검해 보는것도 좋을것도 같습니다.명검이 어떻게 탄생하는지 대략 아시잖아요.
302,민주당이 ㅂㅅ인 이유 https://m.dcinside.com/board/stock_new2/8195821#comment_box
303,악시발  - dc App
304,웃기넹~!!!!!
305,민주당이 ㅂㅅ인 이유 https://m.dcinside.com/board/stock_new2/8195821#comment_box
306,씾홍어 왓노
307,패배자 ㅋㅋ
308,누가 아바타 소리를 내었는가?ㅋㅋㅋㅋㅋㅋㅋㅋ
309,친일토착왜구간첩이 있나?
310,민주당이 ㅂㅅ인 이유 https://m.dcinside.com/board/stock_new2/8195821#comment_box
311,와 김대중이 싼 똥이 드디어 터졌네. 자그마치 30년된 똥이다 ㄷㄷㄷㄷ.
312,윤대통령 탄핵이냐~!!!!마눌라 그거 그거는 명품백은 전혀 관심없음~!이건 곤란하지~!!!!!!
313,ㅋㅋㅋ  - dc App
314,ㅋㅋㅋ  - dc App
315,박 지훈 ok.
316,정답
317,박정희 후장빨던 병신들이지.
318,실제로 지지층중에 상당수가 신천지 등 사이비 신도들 + 틀튜브에 중독된 치매노인들임
319,민주당이 ㅂㅅ인 이유 https://m.dcinside.com/board/stock_new2/8195821#comment_box
320,40년간 남자 밟고 괴롭힌 페미들. 한국페미들 외국에 조리돌림 좀 해주자 ㅋㅋ
321,무슨 내용이죠? 국결방해라는게?
322,여가부가 뭐 법으로 국결 금지라도 한다고 했나요?
323,https://gall.dcinside.com/board/view/?id=neostock&no=4778601
324,https://gall.dcinside.com/board/view/?id=neostock&no=4827081&
325,국결 까는 여론 암암리에 조장하는 페미들 https://gall.dcinside.com/board/view/?id=neostock&no=4823449
326,변희재야   쳐 맞기 싫으면 호남 근처 오지 말어라 ㅋㅋㅋ
327,정확힌 문재인때 올려놓은거 다 까먹고 있음
328,앞으로가 더더 암울
329,3년이나 남았다 진짜 완전히 망했어
330,에휴
331,그래서 담배값 올리려고 떠들고있는거구나 세수 채우려고
332,윤재앙 잘하네
333,2찍들이하는짓이그렇지 IMF도 터트리고 잘하는짓이다
334,민주당이 ㅂㅅ인 이유 https://m.dcinside.com/board/stock_new2/8195821#comment_box
335,고발사주 윗선 배후는 누굴까?
336,윤석열은 검찰을 사유화했나?
337,민주당이 ㅂㅅ인 이유 https://m.dcinside.com/board/stock_new2/8195821#comment_box
338,사직구장 근처 어느 장소인지 특정하고 그때 그 자리에서 티비로 야구를 봤다는 증거를 지가 대면 되겠네
339,보편적이고 상식적인 사회적 통념에 어긋나는 해석이십니다
340,빻은 얼굴을 가진 대머리답네
341,개시부랄새키뒤질때 까지 말장난만 하네
342,와씨 선거비 보전도 못받았네 변희재묻으면....알지?
343,민주당이 ㅂㅅ인 이유 https://m.dcinside.com/board/stock_new2/8195821#comment_box
344,ㅋㅋㅋㅋㅋㅋㅋㅋㅋㅋ
345,아...
346,이건 크다
347,탄핵
348,유족에 대한 모욕 아닌가?
349,ㅋㅋㅋ  - dc App
350,미쳤네
351,솔까 맞는말이지
352,대따엄벌주의 ㅎㄷㄷ
353,노욕이 무섭다
354,정치에 미치면 사람이 저리됨
355,덫에 걸린 짐승이니까 개사과해야지
356,약점 뭐 많이 잡혀 있나보지
357,반인륜 비정한 정권
358,더있음 1 러시아 언론 취재한다
359,2 일본에서 탐사 취재 전문 기자 온다 ㅋㅋㅋㅋㅋㅋㅋ
360,박그네가 얼마나 병신인지만 전세계에 알려질뿐이지 이래서 박이 변똥 만나주지도 않는거임 탄핵들춰내면낼수록 박그네가 얼마나 무능하고 사람관리 못하는지만 계속 드러남ㅋㅋㅋㅋ
361,대통 몰아 내는데 300 밖에 투자 않 하는 것은 너무 한 거 아니냐 ㅋㅋㅋ너무 쉽게 생각 하고 사는데....  - dc App
362,"====[단독] 한동훈 국힘 비서실장 장인, 중공 간부說 확산스카이데일리2023. 12. 28. — 중국 국적의 조선족 아내에게 김 비서실장이 직접 한국 국적 취득을 만류했다는 이야기가 있는가 하면 장인이 중국공산당 간부였다는 의혹까지 겹치며 ...====한동훈/생애나무위키— 아버지 한명수 · 장인 진형구. 활동. 정책 · 한동훈 법무부장관 후보자 ...===="
363,중국 성씨 진.
364,청부수사 했다.김 명수의 수사의뢰?대법원이 조시해도 별것 없으니 문 재인의 지시에한 동훈에 청부의뢰 했다.윤 석열이면 잡을 수 있을 것이다.
365,그 날조 수사한게  윤썩창
366,이거 보니까 생각나는게
367,"난 정치갤에서, 윤석열이 대통령되기 전까지는 사람에게 쓰레기라는 말을 해 본적이 없는데, 윤석열은 걍 쓰레기.ㅉㅉ  - dc App"
368,"윤석열을 탄핵 안 하면,한국 국민들은 세계적으로 비웃음거리가 됨. 멍청한 국민들이 가득찬 나라인 줄 앎.  - dc App"
369,이상민 탄핵된다더니 9대 떡 기각 ㅋㅋㅋㅋㅋㅋㅋ 뭔 특별법????
370,여긴그냥 찌꺼기들 모여있는데구나 ..ㅋㅋㅋ지능들이참ㅋㅋ
371,니애미다 ㅂㅅ개새끼야    - dc App
372,어쩌다 맞은거도 계속 말바꾸면서 하나 얻어걸린거고  완전 반댓말 동시에 해놓고 둘중에 하나 맞는거 들고와서 우리교주 무조건 믿으라고 전도하는거극소수 광신도 할매들이 ㅈㄴ 끈질기게 들러붙는다고 소름끼치게   - dc App
373,세기와더불어우리북한당의 레밍증후군 지지자들은 그저 우두머리레밍 레명이만 따라가면 되는 것
374,ㅋㅋ총선 국힘 개쳐망할텐데
375,태극기할모니들이 할일이 없으니까 은근히 정치에 미쳐서 여생을 보냄
376,조남욱라인  - dc App
377,홍석현 똥개
378,퇴임후 먹방 유튜버 확정 - dc App
379,좌좀들 비명은 괜찮아
380,일본은 지금도 오염수 방류하는데 문제 있디??? ㅋㅋㅋㅋㅋㅋㅋㅋ 또 1찍들 선동이었음
381,세상 물정 하나도 모르는 사시 9수 검사의 최후
382,"윤석열을 빨리 탄핵해야,국민의힘도 새로운 정비를 하는데 시간이 여유로울 듯.윤석열은 국민의힘 총선에도 도움이 안되는 인간이라는건 이미 드러났음.국민의힘도 탄핵에 찬성표를 던지길 바라네.  - dc App"
383,그나물의 그밥들 저출산시대에 국회의원들 수 감축해야한다 세금펑펑혈세가 낭비되고있다!
384,ㅋㅋㅋㅋㅋ변희재 탈출은 지능순
385,지는 4차원논리 나불나불 다틀려놓고 사과없이 넘어가면서 남한텐 틀리면 뭐걸라 정치인생걸라ㅇㅈㄹ
386,변가는 선거때만 되면 망상 on~
387,문재인이 지 심복 윤석열과 한동훈을 보수에 심어뒀으니 영 틀린 예측은 아님
388,선거때 더 도지는 정신병거짓말 사기로 돌대가리 할매들 돈뜯는 치트키지말 맞은적도 없고 맨날 득표도 처참한데 지가 무슨 브레인 ㅇㅈㄹ 하고 자빠짐   - dc App
389,문재앙 숙원 리스트 하나하나 완성시키고 있는 윤두창 정부 아직도 모르면 병신
390,영구 집권 같은 소리하네 이재명이 대통령 할려고 하는데 변희재 어디 아프냐 ㅋㅋ
391,"저 인간, 22년 초여름부터,,윰석렬 22/11월이면 지지율 10%대 되고  탄핵으로 쫒겨난다,,설레발ㅋㅋ"
392,좌빨들이 조작해서 준거라고는 안함?
393,zz  - dc App
394,여기는 중정갤보다 정보가 늦노. - dc App
395,적반하장 후한무치 국힘당ㅋㅋㅋㅋㅋㅋ
396,ㅇㅇ뻔뻔 그자체
397,거기다가 박전대통령도 이용해먹으려고 하자나
398,아주 개씹쌔끼임 차라리 민주당가서 정의로운척하지
399,"====북핵! 韓, 결단의 시간이 왔다! 어떻게?신인균의 국방TV구독자 121만명15분 전....https://youtu.be/WMSC77_uvUw"
400,이미 병신되었는데 지들만 깨닫질 못함
401,국짐은 이념정당이 아닌 권력추종세력
402,쓰레기야 숨쉬는것도 아깝다 산책하다 살해당해뒤져라  - dc App
403,한동훈이었어~!!재미있네~!
404,한동훈의 실체였단 말인가~!!
405,ㅇㅇ
406,싸우는거 백퍼 쇼임
407,보수파괴자들
408,엄밀히 말하면 천공보다는 홍석현으로 봐야함. 이놈이 미국 민주당 유대 PC라인에 줄대고 있는놈임. 바이든 쪽에
409,줄을 서시오 북방 or 서방 중간은 없소 선택에 따라 운명이 바뀔 뿐... 디지털 시대라 모든 것이 기록된다. 기록된 모든것이 수집되어 당신을 가를 것이다. 후회 할 짓은 하지마라.  - dc App
410,천공맞음. - dc App
411,홍석현이 김태효 시켜서 윤석열 조종
412,푸틴방북소식에 한국이 뭔가 했을 가능성이 크다.. 가면 너랑 끝임 이정도는 되지않을까??
413,윤석열 제발 좀 끌어내라
414,북한 대상으로 러시아를 우리편으로 끌어들여도 모자를 판에 러시아를 전쟁판에 끌어들이려고 하네 미친 새끼
415,북한 무기 사가면서 북한이 실아나고 있다.적의 친구는 적이다.  - dc App
416,우크라이나도 승리 여셀몰아 남한 까지.
417,자꾸 정치적으로 해석하려고 하면 니들 국민들한테 역풍 쳐맞음 윤빠들아 낄낄빠빠좀 해라
418,거기다가 이미 이수정이 여혐 프레임으로 니들 조져놨고
419,ㅋㅋㅋㅋㅋㅋㅋㅋㅋㅋㅋㅋㅋㅋㅋㅋㅋㅋㅋㅋㅋ
420,ㅋ
421,상대도 ㅂㅅ이고 촛불들어서 난게 이꼴이라서
422,그 대표적인 돌연변이가 뉴라이트 아니노?
423,차라리 좌파는 대처하기 쉬움. 뻔히 아니깐... 저런 사꾸라들이 문제걸랑. 진짜 보수도 아녀.
424,"박정희, 이승만이 지금 뉴라이트 하는 꼬라지를 보면 분기탱천하고 있을 걸?"
425,북한엔 무오류최고돼엄 똥돼지네....남한엔 무오류최고5.18엄
426,윤석열 한동훈
427,문재인이 하던거 윤석열이 반대로 하는거임양극단으로.. 정권교체는 신당에서 하는거로ㄱㄱ
428,R&D 줄삭감한 거 몰라? 카르텔 혁파한다나 뭐다나... 밀린 임금 주기 싫어서 밀린 임금보다 더 많은 수임료를 써가면서 재판 가고 있지?
429,좆같은 윤석열
430,나중에 용산 이전 수의계약 보면 깜놀할거다. - dc App
431,리베이트 없어 그럼 안해.우크라이나 오케이.
432,보수과표집 ㅋㅋㅋㅋ
433,실제 민심은 최소 7:3임.
434,협박이 아니라  정중하게 권유 ㅋㅋ
435,협박은 무슨...교수가 유권자의 의견을 모르나?
436,엄마가 공부하란 소리도 협박으로 들을 거 같네ㅋㅋㅋㅋㅋㅋㅋㅋ
437,지들은 손해 안보고 미래 세대한테만 연금부담을 지우려 하는 틀딱들이 미래 세대를 위해 꼭 해야할 일이라네 ㅋ
438,칼로 찌르면 습격 짱돌로 까면 테러!
439,기레기도 설치고견찰들도 설치고이수정도 설치고
440,헬기보다 났지. 국개한마리가 대통령보다 국비대우 받았는데...
441,사과말고 수사는 언제해?ㅋㅋㅋㅋㅋ
442,글로벌 돋보이게 되었네ㅋㅋㅋㅋㅋㅋㅋㅋ
443,ㄹㅇ
444,팩폭 ㅋㅋㅋㅋ
445,총선은 국힘 운석열 한동훈 대패
446,하...............
447,칼로 목을 찔린 사건을 중대범죄 아니라고 하고현장도 치우는 수준의 경찰이 무서울리 있나?
448,개더럽다
449,ㅋㅋ 가짜 친박이었음
450,딱 조원진 수준  - dc App
451,근혜한테 까이고 건희한테 충성해봐야 뭐 나오겠냐?
452,ㅋㅋ  - dc App
453,심각하네
454,개츄 ㅋㅋㅋㅋ  - dc App
455,"친박들이 박근혜 구치소 있을 때, 건강 등이 걱정 되어서 면회 신청했는데 유영하가 거절해서 심하게 다투었다고함. 그래서 친박들과 사이 안좋다고"
456,"면회 신청도 거절, 편지도 유영하 통해서 보냈는데 거절했다는 말들이 많음. 박근혜와 친박들 사이가 안좋은게 아니라 유영하와 친박들 사이가 아주 안좋다고 함. 박근혜는 5년 동안 친박들이 자기를 버렸다고 오해하고 있다고 함"
457,"조원진 ""김건희 여사에 대한 일방적 마녀사냥 반대""우리공화당, 23일 김건희 여사에 대한 몰카범죄 수사 촉구“함정몰카로 국민 선동하는 것 옳지 않아”“김건희 여사를 마리 앙투아네트로 비유한 김경율 비대위원 스스로 사퇴하는 것이 맞아”우리공화당이 윤석열 대통령 부인 김건희 여사의 명품백 수수 논란과 관련, 김건희 여사에 대한 일방적 마녀사냥에 반대의 뜻을 밝혔다. 우리공화당 조원진 당대표는 23일(화) 보도자료를 내고 “김건희 여사의 명품백 수수 논란의 핵심은 당연히 몰카범죄이고, 정치공작 여부이다”면서 “좌파세력들이 치밀하게 기획해서 손목시계에 장착된 몰래카메라로 영상을 찍어서 국민을 선동하는 것은 결코 옳지 않다”고 말했다."
458,경기도 법카 타령한 2찍들이 부끄럽다 ㅋㅋㅋㅋ
459,문재인 호불호 떠나 적폐라는게 바로 저런거임
460,거니 피셜 항문견=마귀 ㅋㅋㅋㅋㅋㅋㅋ
461,우파를 붕괴시켰다 하기에는 히죄가 우파 주류권에 진입은 못했잖아 ㅋㅋㅋ 주로 우파 비주류계에서 실컷 분탕 분열 일으켰지 그래도 준 주류 정도는 되는 대한 애국당이란 정당 와쿠에 들어가니 홍발정 프레임 덮어씌워 대선 때 네거티브 캠페인에선 능력을 좀 발휘했지 그러고 곧 얘가 깽판 쳐서 애국당 너덜너덜 ㅋ 암튼 얘한테는 그 어떤 힘도 가지게 손 잡아주면 안 됨 얘랑 신당 만든다는 좌파들 진짜 ㅂㅅ들임
462,저옷뭐야ㅈㄴ 혐오스럽네
463,ㅋㅋㅋㅋ  - dc App
464,"림수경(feat,간첩목사와 간첩신부)의 대를이어 '통일의꽃'이 되고 싶은 건히"
465,담배도피나
466,ㅋㅋㅋㅋㅋ씨박ㅋㅋㅋㅋ  - dc App
467,진짜 윤자이크 당함?ㅋㅋ
468,돈에 미친새낀데 뭔 설명이 더 필요하냐!
469,과연 결혼 때문일까? jtbc 재판에서 계속 빤스런 하기 위한 방탄복이 당장 필요하지 않을까? 남을 내세우든 지가 뺏지를 달든 일단 국회 진출하면 내각제 세력 따위 다 날려버리면 된다 지 세상 될 줄 아는거겠지 ㅋ
470,ㄹㅇ 보수에서 돌아다닐땐 다당제 제일 극혐하던 놈이 진보애들상대로 돈땡기는 맛을 본건지 미친듯이 연동형 찬향하는거 역겹더라
471,ㄹㅇ???????
472,ㅋㅋㅋ 연립형 병립형 가지고 매일 방송함
473,요즘 보수가 잘돌아가는 이유가 뭔줄 아냐? 변희재가 좌파로 넘어갔고 이언주도 더불어 찢재명당으로 넘어가서 분탕들이 없어서 내부가 조용하단다 ㅋㅋㅋ
474,ㄹㅇ
475,zzzzzㅋㅋㅋ  - dc App
476,바이든 흉내 ㅋㅋ
477,그냥 서있는것도 병신같네
478,ㅋㅋㅋㅋ  - dc App
479,흉내? 그냥 바보새낀데
480,아 씨발 새끼 - dc App
481,으악 눈배렸어
482,술 취함 ㅋㅋ
483,ㅅㅂ 에휴  - dc App
484,뇌물이면 고발을 해봐 ㅋㅋㅋㅋㅋ왜 못함??
485,박근혜는 존나 생뚱 맞았는데 솔까 김여사는 있다고 해도 그러려니 할듯 과거가 원체 화려하셔서
486,이새끼는 대체 뭐하는 새낄까
487,이새끼는 뭐든 안칠라를 빠는쪽으로 가니까 오류여 ㅋ
488,이 ㅅㅋ 정치암 말기 환자네 ㅋㅋㅋ
489,https://youtu.be/sNcxKl3vO0o?feature=shared
490,저새끼 태블릿 집회서 행진도 하던 놈인데 ㅋㅋ 안정권까다가 꼬랑지 내린 ㅋ
491,"변희재.... 태블릿 반박하고싶으면 튀어나오라더니 진짜 튀어나오니 모르쇠, 상대할가치 없다타령...방송에서 그렇게 김한수 재판장에 튀어나오라더니 진짜 나온다니까 그제서야 지가 재판기피신청서 제출...변희재 탈출은 지능순"
492,빵식인지 빵셔틀 퍼오더니 이젠 붉은매 ㅋㅋ 가지가지한다 수박새끼 진짜
493,네 안사요
494,김건희 사과도 이제 이걸로 전혀 소용도 없겠구만 애초부터 사과로 될일도 아니지만
495,이게 더 총선에 타격줄듯
496,진짜 엄청나게 멍청한놈들이야 어떻게 저런놈들이 검사를 했지
497,총선에서 반드시 심판받음
498,멘탈이 바닥까지 붕괴된 모양 ㅋㅋ
499,도대체 김건희에 쩔쩔 매는 이유가 뭐냐
500,가방에만 이슈모으면 안된다 더 심각한게 주가조작
501,ㅋㅋㅋㅋㅋㅋㅋㅋㅋㅋㅋㅋㅋ
502,자칭 보수라는 새끼들이 지지함ㅋㅋㅋㅋ
503,문재앙 윤썩열 이두놈은 한패인데 틀딱들은 인정못함 부들부들 대기만할뿐  - dc App
504,매년 축하 꽃바구니 지극정성이노 ㅋㅋ
505,ㅋㅋㅋㅋㅋㅋ
506,줬겠냐
507,그 인재는?  최 대 집  ㅋㅋㅋㅋㅋㅋㅋㅋㅋㅋ
508,ㅋㅋㅋㅋㅋㅋㅋㅋㅋㅋㅋㅋㅋㅋ
509,아니 왜나하면 이준석은 쟤 재낀다고 해버리면 바로 재껴버리는거 한번은 겪어봤고 또 작년말에 김기현이 그짝나는거 봤잖아 ㅋㅋ 근데 대놓고 윤두창이 싫어한다던 한동훈을 당에서 감싸는거 보더라도 알지 ㅋㅋ
510,내 이럴줄 알았다 ㅋㅋㅋㅋㅋㅋㅋㅋ
511,어쩐지 냄새 나더라
512,정치 고수 (3회 낙선 후 소속 정당에서 버림 받음)
513,백퍼임
514,'왕진진보 전청조총련진영이 봐야 할 변희재 과거'
515,내가 지금껏 후원한 사람들중 제일 후회되고 돈낭비했다 생각하는게 변희재임
516,ㅋㅋㅋ 저기 변가옆에 있던 사람들 지금 죄다 변가 실체에 데이고 손절하지않았나 ㅋㅋㅋ
517,변희재 퇴출
518,뭐가 좋다고 저렇게 히죽대지?
519,사람고쳐쓰는거 아니니까
520,정잘알이네 ㅋㅋ 그리될듯
521,반박불가 시나리오  - dc App
522,대국민 기만쇼를 누가 인정인정인정하냐?ㅋㅋㅋㅋㅋ
523,팩폭 ㅋㅋㅋㅋㅋ
524,ㅋㅋㅋ  - dc App
525,클린스만이 낫지 어디다 저딴 쓰레기를 비유해
526,카앗!!  - dc App
527,떽    - dc App
528,주체욱일태양통일교 광신도인 재한조총련 재한북괴군(주한북괴군) 사령관 돼명이의 신앙간증 ...
529,ㅋㅋㅋ병신들끼리 참
530,그냥 쑈.
531,빵식아! 형이 미안타...
532,ㄹㅇ ㅋㅋ
533,변희재 퇴출
534,빵님 여기서 이러면 곤란하죠 구독 취소합니다.  - dc App
535,ㅋㅋ 윤석열 한동훈 너네 진짜 문재인 충신들이냐 국민의 힘을 말아 잡숴 드시는구만
536,극좌 음모론 유튜브나 처듣는 똥팔육 성추행연대 믿거
537,그래서 나라 망하게 해서 기분 좋음? 나라 꼬라지 보니까?
538,그래봤자 소수점 차이로 겨우 이겼자나
539,똥돼지핼조선 돼정은이 대한민국을 제1주적이라 선포하자....재한조총련 재한북괴군(주한북괴군) 사령관 돼명이도 '우리북한'이람서 돼정은을 따라서 (대한민국을 제1주적으로) 복창하고 선포
540,대학교육 좀 받고오세요
541,투명하다 투명해 ㅋㅋㅋㅋㅋㅋㅋㅋㅋㅋㅋ
542,문재인한테 다 보고 배운거지 뭐 내편만 먼저다
543,윤석열을 왜 탄핵 시키는 지 이해못함~!!!!!!!!
544,빨갱이들 법조카르텔이 챙긴거지이죄명 재판연기해주듯이
545,같은편 맞다니까
546,보석금 내고 석방 된건데  개소리 ㅋ
547,지금은 맞고 그때는 틀리다 ㅋㅋㅋㅋㅋㅋㅋㅋㅋㅋㅋㅋㅋ
548,여윾시 문재앙 부하답노
549,기관총이 뭔지 모름? 문재인때도 똑같은워딩쓰더니 ㅉㅉ
550,입에서 총이라도 쏘나? 입틀어막는거보소 ㅋㅋㅋ
551,힘없는 주차아저씨 차로 들이받던 귀족노조
552,절라도 ㄷㄷㄷ
553,폭행하는 놈 누구냐?ㄷㄷㄷㄷㄷㄷㄷ
554,"진보 = 조작질, 거짓질, 괴담질, 선동질, 빨갱이질, 데모질."
555,가짜뉴스 잡는다며????? ㅋㅋㅋㅋㅋㅋㅋㅋㅋㅋㅋㅋㅋㅋㅋㅋㅋㅋㅋㅋㅋㅋ 바이든 진실뉴스만 잡는거였군
556,기관단총 경호를 받아얄 판
557,"국민만나러 갈땐  기관다총 필수,    윤석렬이 너무 친국민적이었네."
558,문재앙 보수에 심어놓은 부하가 윤재앙이잖아
559,너 기억력 좋네  대구시장 기관총 경호 저거 정말 경악스러웠지 저런 공포분위기 조성하면서 문재인은 또 사람 좋은척 허허 사진포즈 취하면서 찰칵
560,시발 따발총들고 국민 만나러 다니네 헐~
561,https://v.daum.net/v/20230404092417046
562,좌파년넘들 경호원에 끌려나갔다고 피해자인척 코스프레 역겨워.
563,집단흉기상해 전과자 년넘이  대통령을 잡고 늘어지면  전기충격기로 지졌어야 정상이지.
564,거지새끼 오랜만이네. 구걸해서 밥 사먹었냐? ㅋ  - dc App
565,구걸 캡쳐한거 올려주까? ㅋ  - dc App
566,"====김정은 ""남조선 전 영토 평정 위한 대사변 준비에 계속 박차"" ...연합뉴스2023. 12. 31. — (서울=연합뉴스) 김지연 기자 = 김정은 북한 국무위원장은 노동당 연말 전원회의에서 핵무기 생산 확대를 향한 핵무력 증강 노선을 내년도 국방과제.====김정은 “남조선 전 영토 평정 위한 대사변 준비”…핵 개발 ...경향신문2023. 12. 31. — 김정은 북한 국무위원장이 한반도 안보 정세가 악화한 책임을 한·미에 돌리며 새해에 핵 무력을 강화와 군사정찰위성 3기 추가 발사를 공언했다"
567,"좌좀새끼들 종특은  자기들이 먼저 까불고 대들다가 머리통 한대 맞으면  아~  사람죽네,  정부가 군화발로  국민 죽인다,  이러는 넘들이지. ㅋㅋ"
568,2찍 선동 수준이 그냥 어나더 레벨이네 문통때 국힘의원이 저리 끌려나갔다면??? 에휴~ ㅆㅂㄹㄷ라  ㅋㅋㅋㅋㅋㅋㅋㅋㅋㅋㅋㅋㅋㅋ
569,"진짜 윤석렬 각하 큰일날 뻔 했네,  폭력전과자 넘한테 말이야."
570,"역시 좌좀들은  범죄자, 전과자를 좋아하네."
571,진보당이 잘못했다~!!!!진보당이 잘못함~!!!!!신경쓰지마~!
572,영상을 보고 말해라 과거 전과 기록이 무슨상관. 개돼지 선동쑈.
573,나중에 알아낸 결과에 자신들 희망사항을 끼워맞춘다고 현실이 바뀌나.
574,데일리안 김 수현기자 한자리 줘라.
575,국짐갤 쉰천지발 사이버 여론 선동단
576,"2찍들 - 서현역 흉기난동 살인 최원종, 이재명 살인미수범 김진성"
577,그 청년은 경비아저씨 차로 들이받던 전과5범이 아니었잖아
578,그래요 이재명씨 지지자들 이재명연설하는데 또누가 뜬금없이 불청객이 나타나도 쫓아내지마세요 뭔되도않는 오마바 사례를ㅋㅋㅋ 아베도 가두연설하다가 암살당했는데
579,진짜 대통령과 가짜 대통령의 차이ㅋㅋㅋㅋ
580,어제 국회의원에게 하는 짓들을 보고 국민으로서 모욕감을 느꼈다
581,좌좀들 장애인비하하네. 왜 장애인이랑 전과5범을 동급취급해? 장애인은 배려해야하고 전과5범은 막는게 당연하지
582,돼로남불 인지장애정권 돼통령에 돼로남불 인지장애인단체 대표의 만남인데 제지할 필요가 있겟는가
583,1찍들아 잼대표한테 불청객 또누가 접근해도 막지마라는거야 뭐야
584,왜 경호처장도 차로 들이받게?
585,총알세례 안맞은걸 다행으로 알아야지경호처가 너무 무능했다총알을 쐈어야지
586,세월호 판박이
587,문재앙 정권넘들 세월호 진실 타령하더니 자기들이 정권잡은 5년동안 왜 세월호 진실 안밝히냐?  그리고 이태원 진실은 또 뭔데?   어차피 진실따위는 필요없지.  그냥 보수대통령 엿먹일려는 수작일뿐이야.
588,대구지하철참사특별법은 왜 안만드냐?
589,이태원 진실은 뭐냐?
590,대체 어디가 정상인가
591,님이 생각하는 정상이 대체 뭔데요
592,https://m.nocutnews.co.kr/news/amp/5872141
593,이게 정상인가
594,"진보 = 조작질, 거짓질, 괴담질, 선동질, 데모질, 폭동질, 빨갱이질."
595,야 나도 알바좀 소개해주라....같이먹고 살자
596,어디 정신병원인지 와이파이가 잘 터지나보네
597,비추 보소 ㅋㅋㅋㅋ
598,"재명이 얼른 감옥갔으면 좋겠다,  정의구현 되었으면 좋겠다."
599,멀쩡하네. 아무리 생각해봐도 결과론적으로 가장 큰 혜택은 이재명 본인이 받았다고 보인다. 재판 날짜만 늦춰짐
600,조카37회칼부림모녀 살인사건 데이트폭력으로 축소시킨것도 재판중
601,원래 좌파놈들이 노래만들고 포스터 만들고 소문내고 시나리오는 잘짬
602,자기도 권력과 싸우고있으면서 마찬가지로 권력과 싸우다 진 사람한테 한통속타령하는건 쫌......ㅎ 저방송은 아니올시다 히죄양반
603,이 ㅂ* 윤석열빠ㅋㅋ
604,변뚱에대해 잘 모르는 애들이 변뚱소송 많이 한다고 놀라던데 그거 대단해할 필요 없음 어짜피 다질 예정이야안정권같은애들 상대로나 푼돈소송이기는거지 이글처럼 변뚱이 태블릿 원고인 재판은 정작 다지고있어지금까지 틀려온것 몽땅 사죄없이는 모두 구독취소 슈퍼챗금지 하자꾸나 내돈 돌리도
605,방증
606,이재명 대체할 사람 키워야된다고 수박짓하던 어중이떠중이 듣고싶냐?
607,ㅇㄱㄹㅇ
608,팩폭
609,영끌5적 같은 분들?ㅋㅋㅋㅋㅋㅋ
610,현실은 검찰왕국의 최하층민일뿐ㅋㅋㅋㅋㅋㅋ
611,"2022년 12월이면 한동훈이 법무부 장관이었는데,김건희 주가 조작 의혹 재판에 제출되어진 의견서를 모를수가 있냐?국민들을 바보 멍청이로 아는군.ㅉㅉ  - dc App"
612,왜없냐 찢빠 문재앙빠 빼놓고는 다지
613,참 신기한 인간들이란 말이지. 그토록 원하는 보수가 집권해 경제.외교 다 폭망하고 나랏돈을 지돈인양 써제끼고 있는데도 그저 하는말은 이재명이가 대통되면 나라세금 다 퍼준다 이러고 있다. 근데 그 세금 니들한테 가는거 아니니? 정작 혜택받는 새키들이 왜 ㅈㄹ하는거지? 노예근성이 아직 남아서 우리는 입에 풀칠만 하면되고 남는돈은 모두 기득권이 가져야돼 이런 생각인가?
614,"절라도 좌좀들은  절대로 계몽이 안된다, 걸러야 한다."
615,저 빵팔이야말로 틈새시장 돈되는데만 찾아 오락가락 기웃거리는놈인데 ㅋㅋ이 모 기자 신당 입당은 잘되어가는중??
616,저거 변희재 따라다니더니 닭근hell 빠돌이였노
617,변희재 탈출은 지능순~
618,각이 날카롭기는 븅신 ㅋㅋㅋㅋㅋ
619,느그 킁킁이 원숭이 - dc App
620,국짐 더럽다
621,경상도 ㅇㅇ
622,ㅋㅋㅋㅋ아직도 기부했다고 욕하는 수준하고는 다른 대통령들 한테도 기부했다고 했잖아ㅋㅋ
623,ㅋㅋㅋ 아 웃겨 ㅋㅋㅋㅋ 저러니 더 못생겨 보이네ㅋㅋㅋㅋㅋㅋㅋㅋ
624,저놈 저러는거 어디 하루이틀이냐
625,저걸 저리 이해하는 우동사리란 ㅋㅋㅋㅋㅋ
626,변가 서서히 퇴출당하고 있는거 느꼈는지 요즘 몸사리더라  쫄보자식 ㅋㅋ
627,저놈이 뭐라 떠들어도 상대안하고 먹금하는이유가있음
628,이런게 바로 정의구현이지.
629,"윤석렬 정권 일 잘한다,  화이팅."
630,국힘당 헌동훈은 입 꾹 닫았나?ㅋㅋㅋㅋㅋㅋㅋㅋ도덕성 우월한 자칭 보수 왜 이러나?ㅋㅋㅋㅋㅋㅋ
631,수년간 태블릿 터진다터진다 말뿐인 변희재는 구독자들을 기만하는 행위 그만해야. 안그럼 후원금지 구독취소로 보답하는 수밖에
632,변희재 퇴출 기원
633,최순실 모녀한테 쎈 척하다 역으로 당해버림ㅋㅋㅋ 살아생전 의뢰인 업신여기는 대리인은 처음봤다
634,ㅋㅋㅋㅋㅋㅋ 변변변 말엔 진실이 없어요~ 그냥 생계형
635,ㅋㅋㅋㅋㅋㅋㅋㅋㅋ 부러우면 니도 해달라그래
636,광주니까
637,'조선민주주의' 민주화의 성지 광주
638,빨갱이 정율성을 모시는 절라도 광주를 어떻게 믿어?
639,이태원 참사 때는 인원 없어서 못보낸거다 뭐다 말 많던 경찰이 동훈이 한테는 400명이나 붙여줬구나. 그렇구나.
640,2찍들은 부끄러움을 몰라 ㅋㅋㅋㅋㅋㅋㅋㅋㅋㅋ
641,그러면 윤석열=한동훈 F학점?ㅋㅋㅋㅋㅋㅋ
642,민심은 천심
643,문재앙 윤재앙 라이벌이노 뒤에서
644,평가할 정책도 없는데 ㅋㅋㅋㅋ
645,문재인에 비하면  윤석렬은 애교수준이지.
646,실제론70%넘을껄
647,윤석열 검찰총장은 귀신인가?ㅋㅋㅋㅋㅋㅋㅋㅋ
648,눈 가리고 아웅 ㅋㅋㅋㅋㅋㅋㅋㅋㅋㅋㅋㅋㅋㅋㅋㅋㅋ
649,내로남불 ㅋㅋㅋㅋㅋㅋ
650,2찍들 조용하네?ㅋㅋㅋㅋㅋㅋ
651,내로남불 아닌가?ㅋㅋㅋㅋ
652,느그 대표 300만원 ㅋ
653,님 천재
654,중공이 대만을 침공하면 똥돼지네도 남침전쟁을 벌릴판....곧 러중북 침략동맹의 세계3차대전 개시...
655,ㅋㅋㅋㅋㅋ  - dc App
656,조원진 잘생겼다 ㅋ
657,변박쥐ㅋㅋㅋㅋㅋㅋ
658,총선 전에 ~~~  확신한다 던데 ?
659,추천!
660,변가 까는사람들은 거의다 한때 변가놈 지지자였다는걸 변가는 직시하고 반성해야뭐하나 제대로 하지도 못하면서 그만좀 사람홀려라
661,윤항문을 반드시 총선에서 심판해야하는 이유
662,윤석열 정권 경제 정책이 잃어버린 5년을 만드나?
663,하여간 좌좀들이란~
664,그래서  한국은 진보좌빨 년넘들 반대로 하는게  진실이고 정의이다.
665,지능이 40 인  잘 사육된 가축만이 진보좌좀 년넘들 충실한 개짓을 하는 거지.
666,여윽시
667,전공을 살려서 '돼일성의 갓끈전술교시 반일선동사업'의 이론과 성과를 재일조총련 조선대학교서 가르치길...
668,"진짜 좌좀들 반일은 쑈였구나,   좌좀들  민주팔이, 시체팔이, 반일팔이,  자기들 이익 챙기기 위한 쑈질~.  미개한  가축들은 그것도 모르고 똥꾸멍 빨기 바쁘지. ㅋㅋ"
669,좌좀들 반일은 쑈질~  ㅋㅋ
670,의외네 ㅋㅋ
671,지금도 서민들도 그놈때문에 죽어나감
672,윤석열 잡아죽인다던 보수 틀딱들 항문빨이됨 ㅋㅋ
673,지금도 모텔서 손님이마약하면 모텔주인 영업정지때린다함 ㅋㅋㅋ 이제 투숙객 감시까지해야함 ㅋㅋㅋ
674,진보좌좀 병신들 반대로 하는게  진실이고 정의 입니다.   수십년 속았잖아요.
675,아주 좌좀들끼리 북치고 장구치고 추천눌르고 엠병하네
676,윤자빨여왜ㅋㅋㅋㅋㅋㅋㅋㅋㅋ
677,윤땡땡 상태 심각하네 ㅋㅋ
678,옳으신말씀
679,윤두창이 뭣같은건 맞지만 민좆당한테 투표는 안한다 십재앙 강점기겪고도 민좆당 또 찍고싶으면 그건 간첩이다
680,이정도면 저작자 방송 보는 놈들이 병신임
681,신천지도 두손두발 든다는 변천지!
682,사이비종교의 희망고문과 비스무리한듯 20년에도 21년에도 22년에도 23년에도 똑같은 말 반복반복반복 변희재탈출은 지능순
683,변망구들은 뇌가없나봐
684,"좌좀넘들은  조작,거짓,괴담,선동질,데모질 아니면 아무것도 못함."
685,"대여는 이미 평균사이즈 옷을 미리 만들어 놓은거 빌리는건데  말이되?   맞춤옷이 타당하지, 맞춤옷은 또 상당히 비싸지."
686,전청조총련 왕진진보 진영....
687,변희재 다른방송 나가선 국힘 지지율 꼴아박는다 떠들고 지방송에선 민주당 지지율 꼴아박는다 떠듬저놈이야말로 이말했다 저말했다 진정한 생계형 유튜버그러면서 대는 핑계가 다른방송에선 제작진이 자제하라고 해서 그런다 ㅇㅈㄹ그럼 나가지 말아야지 ㅋㅋㅋ 돈맛보니 그건또 못하나벼?
688,맨날 태블릿 터진다터진다 거짓말만 내뱉는 입만 산놈 요번에 제대로 선넘었지
689,서면 조사만...한동훈과 윤석열 눈치 봤나 봄.  - dc App
690,이제 무상급식 하자 - dc App
691,양심도 없는 것들
692,주식의 미실현수익을 수익으로 잡는건  이재명지지자들밖에 없음  - dc App
693,이러니 특검을 해야지
694,안진걸 임세은은? ㅋㅋㅋ
695,이제야 조금씩 변희재에 대한 행동 패턴을 이해하고 알아가는 사람들이 있다는게 그나마 다행이네!
696,ㅋㅋㅋㅋㅋㅋㅋㅋ
697,한동훈이는 광주에 충성 한다 이기야 ㅋㅋㅋ
698,띠 전광판에 보이는 CYON 비키니폰 광고CYON 비키니폰은 2008년 5월 15일에 출시
699,"""부산 좌천"" 발언은 부산 비하 아닌가? 부산지검으로 발령을 냈을뿐인데 죄천이라니....."
700,ㅋㅋ  - dc App
701,부산을 유배지로 인식하는 한동훈이 그래도 좋다는 부산할매들
702,mbc 자막을 보고 들으면 그대로 들리는 앵커링효과 ㅋㅋㅋㅋㅋㅋ 개돼지 1찍들 또 낚임 ㅋㅋㅋㅋㅋ
703,판사들 귀청소 시급하다ㅋㅋㅋㅋㅋㅋㅋㅋㅋㅋㅋㅋㅋㅋㅋㅋㅋㅋㅋㅋㅋ
704,판사새끼 요번에 출마하노  - dc App
705,판사 수능국어 9등급 파장 - dc App
706,"""개딸 전체주의...""민주당을 비난하고, 깎아내리기위한 프레임일 뿐"
707,ㅋㅋㅋㅋㅋㅋㅋ.
708,이미지 좋은거 ㅈㄴ 부러워하네 ㅋㅋㅋㅋㅋㅋㅋㅋㅋ.
709,개딸 vs 대(머리)딸
710,연기연습 좀 더하지왜 그랬어.
711,정똥영이를 따라 평양에 가서 찍은 사진들을 보길....헤경궁 부선궁에 평양궁도 있을수 있는것.....남한예숙화 대남공작을 설계하고 뽀글이 돼정은한테 직보하는등 북한 정권핵심부 최고 정보와 공작을 다뤘다는 정찰총국 대좌출신 김국성씨가 미인계는 목줄잡고 꼬꿰는 공작의 기본이라는데 ....
712,이새기 캡쳐해서 민주당에 허위사실 선동한다고 민원 넣어야겠네
713,국민을 대놓고 조롱
714,일단 님목에 칼찍당하고 그게 쑈인지 아닌지 먼저 체험 좀
715,너같은애들이 젓가락 떠들면 떠들수록 이재명한테 좋을듯
716,이야 검찰공화국인데 나무젓가락으로 쑈를 했다? 안그래도 민심 나락인데 이걸 그냥 냅둔다고? 아직도 이러고 있으니 지지율이 올라갈리가 있나.
717,유튜브에서 퇴출시켜야됨 이미 많은 방송에서 퇴출당했지만
718,지 밥줄인 태블릿 책팔이 띄워주는 사람만 사람이고 그이외엔 모두 윤석열과 한패라는 놈한테 뭘 기대하냐
719,인면수심 변희재 퇴출 기원
720,변가놈 실체 파악한 사람들이 늘어나네ㅎ 많은 사람들이 변가 실체 깨달아야 한다
721,이제 얼마 안남았음 좌우 양쪽에서 버림받고 변뚱 말과는 달리 재판도 계속 지고있고 주제넘게 정유라공격했다가 최서원한테 눈밖에나서 태블릿 검증기회도 박탈당했고 아마 이걸로 책써서 또 팔아먹으려고 했을텐데 너무 오만했군 변뚱
722,남한테 사형시키겠다 협박하다 본인이 사형당하기 일보직전 ㄲㄲ
723,이렇게 변희재방송보다 상처입은 사람 또 발생...모두 구취 ㄱㄱㄱ
724,이재명 도우미였네 진짜 막을라면 저따구로 하지 않을건데 ㅋㅋ
725,민주당 구원자 한동훈
726,저 사람이 쓴 게 아니라 운영 커뮤니티에 타인이 쓴 글이다. 까도 똑바로 알고 까자. 우리가 여기서 글 싸질른다고 유식이 형이 욕 먹어야 하는 건 아니듯.
727,응 본인이 쓴게 아니죠
728,여성 혐오하게 생겼다 ㅋㅋ
729,한동훈 강성지지자 전체주의 1호 ㅋㅋㅋㅋㅋㅋㅋㅋㅋㅋㅋㅋㅋㅋㅋㅋㅋ
730,최악ㅜ
731,본인이 육성으로 말했나.윤 석열 감독 이 재명 주연 가덕도 피습쑈.
732,문재인때 기소도 못한 사건을 물고 늘어지냐? - dc App
733,ㅋㅋ 이용호가 민주당 도와주네
734,돼일성이가 남파한 간첩 성시백한테 홀려 북한을 들락날락함서 돼일성이가 남침할걸 알면서도 미군철수를 부르짖은 김구임
735,아주 자폭 자멸을 하네
736,118.235 저 두창견 가발견놈은 왜 자신이 탄 배가 침몰하고 있다는걸 깨닫지 못할까
737,한동훈 강성지지자 1호 ㅋㅋㅋㅋㅋㅋㅋㅋㅋㅋㅋㅋㅋㅋㅋㅋㅋㅋㅋㅋㅋ
738,"제일 어이없던게 '민주당은 김동연으로 단일화한다' 이거였음 ㅋㅋㅋㅋ 당시에 보면, 무슨 출판기념회에 가서 김동연이랑 인사나눈거 이딴게 근거임 ㅋㅋ"
739,문재인이 이재명 윤석열 둘다 구속시켜서 대선은 없고 내각제 개헌 들어간다 영구집권한다ㅋㅋㅋㅋㅋㅋㅋㅋ
740,썸네일수준봐라ㅋㅋㅋ 변가는 판타지 소설 쓰면 히트 하겠넼ㅋㅋ
741,송영길 대세론은 왜 빼냐 ㅋㅋㅋ
742,22년 10월되면  윤석렬 지지율 20% 아래로 폭락하고 국민손에 의해 끌어내려져 올거다  라고 큰 소리쳤슴 ㅋㅋ
743,여성혐오 노인 혐오 가지가지하네 ㅋㅋ
744,노인바하?ㅋㅋㅋㅋ
745,국힘 지지층 아님?
746,정의당 빨던 가발새끼 인맥이 오죽하노 그저 노인비하나 하고 시니컬하게 비판이나 처해대는 패션 좌좀
747,참 이런 새끼들이 ㅋ 우파랍시고 ㅋㅋㅋ
748,국짐 그냥 이참에 시원하게 폭망하고 말아먹어야지 ㅋㅋ 좌빨새끼들이 우파당에 다 처들와서 그냥 나라 처망길
749,윤석열 한동훈이 주군 문재인을 위해 보수를 아주 불태우네 ㅋㅋㅋㅋㅋㅋㅋㅋㅋㅋ우파를 불태우고 있어
750,이거 진짜 문재인의 두수를 내다본 수였나 ㅋㅋㅋ 어떻게 윤석열 한동훈으로 국힘과 조중동을 개쳐망하게 만드네 ㅋㅋ
751,한동훈 강성지지자1호 전체주의ㅋㅋㅋㅋㅋㅋㅋㅋㅋㅋㅋ
752,피똥 싸냐 ??
753,모두 비공개안보상 공개 불가.
754,개인휴대전화로 전원 요청하지 유선전화로 전원 요청하냐? ㅋㅋㅋㅋㅋ되도 않는 선동 찌라시룰 끄지버내서 여론을 호도하냐?ㅋㅋㅋㅋㅋㅋㅋ
755,"""목에 열상"" 가짜뉴스 유포한 국무총리실 산하 대테러상황실 책임자를 고발조치 하는데 모르냐?ㅋㅋㅋㅋㅋㅋㅋㅋㅋㅋㅋ허위선동 조작하지 마라 ㅋㅋㅋㅋㅋ"
756,부산대병원장이 국힘 TF 위원인데 믿을수 잇냐?ㅋㅋㅋㅋㅋㅋㅋㅋㅋㅋㅋㅋㅋㅋ
757,변희재 말대라 하다가 감옥간 송대표... 불쌍
758,이제는 변호인단 공격하겠네
759,송영길도 이제야 정신차린듯허이 변과 손잡아봤자 손해라는걸
760,애초에 옥중출마 하라는게 말이야 국수야… ㅋㅋㅋ
761,대  영  길
762,태블릿폭탄 조또 아닌가봐  - dc App
763,무슨 일본언론발 중국언론발 태블릿 폭탄 터진다 하지 않았냐 그거 어디간거냐
764,헐~  - dc App
765,거부권 행사를 위해 대통령이 된 인간 같음
766,윤석열 정부 믿고 샀다는 거 아닌가?ㅋㅋㅋㅋㅋㅋㅋㅋㅋ
767,스팸 메세지 믿고 주식 샀는데스팸 메세지 믿고 코인 샀는데스팸 메세지 믿고 부동산 샀는데...정부에서 사지 말라고 할때 - 사다리 걷어차기다...선동한 언론이 문제.PF폭탄이 남아 있어서 아직 진짜 폭락은 오지도 않았다
768,문재인이 영끌하지말고  참으라고햇는데  지들이 영끌해서 누구탓하는지  참았다 지금쯤사면 될것을
769,사건현장 훼손한 견찰도 수사 받아야 공정한 사회 아닌가?
770,서울로전원한뒤 치료 끝나고 의사가 아니 정청례가 과장 브리핑한거로 고발된거구만
771,읽어보니 그냥 범죄자 불량배네. 사회불평분자고... 유명인들은 항상 그런 놈들의 묻지마 폭행에 주의해야겠지?
772,기득권 사수에 득이 되면 신상 정보 공개사수에 독 되면 비공개 정치 경제 검찰 사법계 뿐이겠냐 언론도 비공개
773,니가 윤석렬 자지를 그렇게 잘빠냐???
774,근데 왜 재판을 더 연기시키는 생명기(生明氣)를 시술햇는가
775,본인 음성을 왜 보더 안해.
776,윤석열 지지자 발악 하누  ㅋㅋ
777,生明殺生明氣
778,주옥같다들
779,위기에 처한 돼명이의 정치목숨 살려준 '생명기(生明氣) 시술'
780,국민타령. 연기하느라 수고했다.
781,호남주사파의 소굴인 돼천지
782,신천지는 과거 이재명에 털린 경험이 있음코로나때 수칙 어긴 종교 활동
783,옵티머스 연루로 수사받던 이낙연 측근 자살 당한거 해명했나?
784,이낙연 제발 정신 좀 차리길
785,이상민 탄핵된다더니 9대 떡 기각 ㅋㅋㅋㅋㅋㅋㅋ
786,홍어 왓능가
787,갤 돌아 다니며 홍어똥칠하네.
788,총선에서 반드시 심판
789,고액선물 주는 새끼도 범죄자지.
790,ㅋㅋㅋ  - dc App
791,이승복: 나는 공산당이 싫어요ㅠ
792,현실적으로 안되는 걸자꾸 하자는게 망상병자지  - dc App
793,그러니깐 어서 빨리 뉴라이트나 박멸해.
794,니가하자는건 탈냉전시대에나 되는거고  - dc App
795,좌좀들은 일본 없으면  못사는 넘들
796,뉴라이트는 정신이 일본인 그 자체
797,ㅇㅇ
798,ㅇㅇ
799,ㅇ
800,하여간 절라도것들은 유전자가 이상해.
801,홍어종특.
802,전라도일상대화ㅋㅋ
803,경찰은 정말 수상하네
804,사건 현장을 저렇게 치워버리는게 말이 되나?
805,부산경찰총경 퇴직 정치경찰출신 영입3호 류삼영의 지시를 받던 부산의 경찰들
806,ㅋㅋㅋ  - dc App
807,팩트)) 음모론 가짜뉴스 잘가라 ㅋㅋ
808,그래도 윤두창 홍석현 한뚜껑 방상훈만은 못하지
809,뭔 개소리냐? 이 전라남도 미친개빨갱이 남자새끼야.
810,유일하게 탄핵 반대한 정치인이 조원진
811,거대한 배후가 있을 것 같은 생각이 든다
812,목숨을 잃을뻔한 테러피해자는 구급차 타고 헬기이송했다고 아우성치는것들이 살인미수범은 모범택시를 타고 유유히 살인하러 다니는데 찍소리들을 못하는 걸 보면....
813,신천지를 만나다 ㅋㅋㅋ
814,사건 축소하려고 언론과 시민단체의 이상한 프레임 선동을 하고 있는것으로 의심된다
815,너무 신속한 프레임 전환신속한 대통령실 반응신속한 경찰 현장 청소 등등이이미 다 알고 있었던 것처럼 진행되고 있다
816,특검해라
817,가지가지하네 윤두창
818,파헤칠수록 미스테리한 인간이네
819,미쳤다 진짜 이 나라가 김건희 윤석열 한동훈 방탄 공화국이구나
820,말빨좋은 쏘패인쓰
821,영상봤는데 참 안타깝다..변희재는 뭔가 편집증적인 성향이 있는건가 누가 자기를 공격하고있다고 생각하는건지
822,5년전 영상으로 물타기 왜 그러냐
823,정치적 의미를 부여한건 의사회 당신들 아닌가??
824,되도 않는 걸로 언플 하니 진짜 얘들이 범인인가 심증만 깊어진다. 숨기고 축소하고 왜곡하려는 것들이 범인 맞겠지.
825,똥돼지핼조선 특권층용 평양 봉화진료소마냥 서울대병원도 재한조총련 특권층 전용 병실이 있는 듯
826,■■■■■민주당 신고■■■■■■■■■■민주당 신고■■■■■■■■■■민주당 신고■■■■■■■■■■민주당 신고■■■■■■■■■■민주당 신고■■■■■■■■■■민주당 신고■■■■■■■■■■민주당 신고■■■■■■■■■■민주당 신고■■■■■■■■■■민주당 신고■■■■■■■■■■민주당 신고■■■■■■■■■■민주당 신고■■■■■■■■■■민주당 신고■■■■■■■■
827,지폭하네 항문견들
828,자폭
829,지들도 총선 패배각이 보이나보다
830,진중권 “김건희 특검? 이성윤 투입하고 소환도 못했으면서…수사 지휘했던 박범계·추미애한테 물어봐” ㅋㅋㅋㅋㅋ “정권에 충견 노릇한 사람인데 얼마나 잡아 넣고 싶었겠나”
831,이놈이나 변희재나
832,변희재가 이놈보다는 더 낫지.그래서 변희재는 안죽었던거야.
833,맞어 변희재말듣고 잘된사람없다
834,시발 ㅋㅋ팬클럽ㅋㅋㅋㅋㅋㅋ  - dc App
835,한동훈 강성지지자?ㅋㅋㅋㅋㅋㅋㅋㅋㅋㅋㅋㅋㅋ
836,전청조총련(재한조총련) 초대의장 돼중이....중공의힘 수석뿌락치부역자 남현똥훈
837,위장보수
838,아픈 사람 가지고 지랄들을 하네 참말로너 목에 칼 맞아봐라
839,윤석렬 자지 빨만하냐?
840,이러니 정신병자 소리 듣지계속 나대라 총선 아웃당하고 싶으면
841,우파들은 이상한게 그래요. 저런 문제 제기를 할 수 있죠. 그런데 왜 지들은 10년 넘는 타당성 조사와 1.5조 이상의 돈이 들어가는 양평고속도로 국책사업이 하루아침에 대통령 처가가 보유한 땅으로 꺽여버리는 문제 같은 것에는 침묵함? 이재명이 탄 헬기가 1.5조 짜리는 아니잖아.
842,ㅋㅋㅋㅋ  - dc App
843,진짜 어이가 없네
844,두창견들 할말있냐
845,■■■■■■■■ 천하대병신 윤석렬ㅋ■■■■■■■■■
846,■■■■■■■■ 천하대병신 윤석렬ㅋ■■■■■■■■■
847,양치기 소년
848,찢 대장동 9천억에서 좀 나눠줘라
849,하는짓보면 개한심 50억클럽 수사는잘되가고있나?
850,위대하니 좌우를 초월하게 되는거지ㅋ
851,2024년혁명의봄 부역자인 똥멍충이바보천치
852,"80년 대통령직선제등 대한민국자유민주주의봄은 돼중이와혁명의봄의 조선민주주의 무장폭동봉기 땜에 7년이나 미뤄졋다, 만약87년6월에도 돼중이와재한조총련이 무기고를 털고 군수공장을 털어 조선민주주의 무장봉기에 떨쳐나섰더라면 전두환도 '87년민주주의헌법'을 국민들한테 내놓을 수 없었을 것"
853,핵대중 대중이는 북괴에서 혁명열사급
854,그 유튜브채널 주인누구임? 오창석?
855,팔자에도 없는 대범한 양  가식은 잘 떠는게 바로 고소 고발 꺼내드네 켕기는게 있나? ㅋㅋㅋㅋ
856,숨을 쉬듯 뇌피셜 망상을 팩트처럼 씨부려 대는게 내로남불 적반하장의 화신 ㅋ
857,헬마 빤스런 엔딩
858,변희재 까는 놈들 하나같이 방구석에서는 주절주절 떠들어대면서 토론으로 붙자면 이 핑계 저 핑계 대고 버로우 타는 놈들 ㅋㅋ
859,사이코패스 같어 ㅋㅋ
860,문재앙은 대구갈때 기관총 들고갔음
861,둘다 근무 기간이 얼만데 저런 멍청한 소릴 ㅋㅋ
862,ㅋㅋㅋㅋㅋㅋ
863,ㅋㅋㅋㅋㅋㅋㅋ
864,평양돼톨릭 북화구현간첩단 두목신부놈이 돼마이뉴스에 나와서 남로달곰문한테 석열이 좀 콘트롤 하라고 한후 석열이가 꼬랑지를 내리고 돼명이한테도 대갈이룰 숙이는 장면이 연출됨
865,걍 문 전 대통령 사냥개!
866,남로당 충견들.
867,혁명의봄 배후에 핵심엿던 재한조총련 초대의장 돼중이....남한의 자유민주주의 반공정권을 민주화로 위장한 무장폭동반란으로 타도해 정권을 접수한후 극악빨갱이독재 조선노예주의인질공화국 똥돼지핼조선과 연방제북화민족평화통일을 할 판엿던 혁명의봄
868,대통령 선거를 치고 당선된 적이 없는데 전대통령이라는건 에바 아니냐
869,우리 인간백정 두환이는 죽어서도 싱글벙글이겠네
870,어설픈 프레임 전환 꼼수 들통 ㅋㅋㅋㅋ
871,응급아니래메?  응급이면 왜 헬기타는데? 부산대에서 치료받지 ㅂㅅ아  - dc App
872,열상 1cm 열상이 위급.
873,1센치 지혈된 상처가 응급 ㅋㅋㅋㅋㅋ
874,팩폭ㅋㅋ
875,물태우와 물동훈
876,검찰 특권 카르텔...전관비리...프레임 전환...눈가리고 아웅...
877,어차피 저놈은 대통령될일 없음
878,39.7= 223.38 = 118.235 = 223.62 = 121.175 = 180.68 =121.172 = 범소유상ㆍ개시허망구칠이는 우마오당 레전드급이지이 자들이 일부 갤은 전목사님 비난으로 도배 중이지.전목사님 비난자는 다 얘들 같은 애들임
879,캬 .. 멋짐..
880,의전서열 8위도 경호대상 아닌데 한동훈은 왜 400여명 경호?
881,ㅋㅋㅋㅋㅋㅋㅋㅋ
882,문재앙은 대구갈때 기관총들고갔음
883,재한조총련 뿌락치부역자기 땜
884,전라도홍어들 숫자가 바글바글하니 달래줘야지
885,좌파라서
886,헌법수록?? 또 속는 광주시민들은 없다
887,쟤들이 뭔 보수냐저런것들 추대하는 틀딱들이야말로 싹 패버려야할 개새끼들이지
888,윤석열은 반명좌파일쁀
889,좌파들이 다 주사파도 아니고 518씹는 좌파들 많아졌잖아. 이제 미화선동이 이니라 객관적사실로 518 따져볼때가 됐지. 후쿠시마선동폭망으로 선동의 시대도 종말을 고하는중. 윤 한이 객관적사실을 국민들에게 알리고 판단받자면 합리적인거고 강제로 국민들 입틀어막고 선동하면 주사파랑 동일한거고 난 그렇게 판단할 생각임
890,진성 빨갱이 니까.
891,그럼 송영길 보고 가만히 감옥에서 죽으란 말인가?ㅋㅋ
892,이새끼 변방송 골수시청자였나보네줫같은 멘트 다알고있놐ㅋ
893,9미리나 10미리나... 저능아들인가?
894,속목정맥 1센티 꿰맨거
895,깃대 나무로 1cm 정도 열상이맞는 것 같다.다가오기전부터 찡그리는 표정의 이 재명.연기 연습이 부족했어.너무 서툴러.
896,좌표찍고 쉰천지 자유총연맹 부대들 몰려들었구나폄하해봤자 니들한테 돌아간다 총선 앞두고 느그 사람이 이재명 죽이려고 했는데안 되니까 여론 돌리려 발악하는거 보소
897,2찍보수꼴통 이었네?
898,살인미수범이네
899,보수꼴통 자극해서 테러까지 일어나게 하는 정치초보 뽑은게 바보지
900,2찍은 악마새끼들이라니까
901,애쓴다 ㅋㅋ
902,좌좀이었네.
903,새누리에있다가 탈당후 작년에 만주당에 위장가입한거다 병신아
904,이재명 암살 목적으로 민주당 당원 가입한 것으로 추정할 수 있다
905,그렇게 문재인 빨갱이라고ㅠ암살범이 ㅋㅋ  - dc App
906,중국인 홍위병 알바생 수고여  - dc App
907,무시당해도싸지
908,똥돼지네 대남군사력은 재한조총련 재한북괴군(주한북괴군)이 핵심 주력
909,너 혹시 설마?  - dc App
910,북한 중국이 욕하는 이는 실로 올바른 이다
911,ㅋㅋㅋㅋㅋㅋㅋㅋㅋㅋㅋㅋ
912,시발 정신병자 2찍이들반대편이면 살인도 서슴지 않는 사회악 중의 악
913,사람이 중환자실에 있는데 그러고싶냐?음모론 작작하고 빨리 비대위나 해. 중환자실은 전화도 출입도 맘대로 못한다니까. 중환자도 집중치료하고 당도 안정되는건 비대위로 가는것밖에 없어
914,사진놓고 빤따구 때리나 봐야지 ㅋㅋㅋ  - dc App
915,가지고 온다는게 뉴탐사 ㅋㅋㅋㅋㅋㅋㅋㅋㅋㅋㅋㅋㅋㅋㅋ
916,애쟎하넹
917,20년동안 민주당원이엇다는데?ㅋㅋㅋ
918,2찍 악마새끼들이 악마짓햇네
919,피습 기사에 칼 든 사진..
920,돼명이 목숨을 노린 테러가 아나라 위중한 돼명이 정치목숨을 살리기 위한 긴급 칼침시술
921,"주변인들 ""김씨가 보수 성향""https://n.news.naver.com/mnews/article/437/0000373427?sid=102"
922,민주당원이고  보수적성격이면  딱 전라도스타일   좌파면서 보수적이거든 서열따지는  - dc App
923,전라도홍어 긁혔노? 흥분하고 그러니
924,극우틀딱들 일 그르치는데 도가 틈
925,20년넘게 민주당지자였데  - dc App
926,"딱 보면 사이즈 나오잖아 ㅋㅋㅋ 당가입 천원, 내가 재미이햄이다! 푹 ㅋ"
927,충남 거주. 60대. 공인중개사. 완전보수 증언까지2찍 곱등이들 숭배하는 김상진이 안정권이가 이재명 지지자인척 위장하고 유세 현장에서 욕질에 선거방해한 것만 봐도 사이즈 나오지
928,돼명이 목숨을 노린 테러가 아나라 위중한 돼명이 정치목숨을 살리기 위한 긴급 칼침시술을 해줬으니 세기와더불어북화혁명당 지지자던지 조선노동당원인지도 의심해봐야는 거지
929,민주당원이래 ㅋㅋ   - dc App
930,극우보수라고 다 니옷는데 ㅋㅋㅋ 우김질하는거봐라 ㅋㅋ  - dc App
931,"송트남이 망치테러한 표삿갓은 늙은 영감이더라, 연방제북화통일을 주장하는 재한조총련 극좌통일열사"
932,전라도홍어는 80틀딱도 민주당원  - dc App
933,근대 요즘60대도 국힘 극혐하는 사람들 꽤 많긴하더라 이거랑 별개로
934,뉴라이트가 친일세력의 본진이다
935,국방장관ㅋㅋㅋ
936,ㅋㅋㅋㅋㅋㅋㅋㅋㅋㅋㅋㅋㅋㅋㅋㅋㅋ
937,ㅋㅋㅋㅋㅋㅋㅋㅋㅋㅋㅋㅋㅋㅋㅋㅋㅋㅋㅋㅋ
938,ㅋㅋㅋ
939,ㅋㅋㅋㅋㅋㅋㅋㅋㅋㅋ
940,왜 자꾸 현실부정하고 정신착란 증세 보이노.... ㅋㅋㅋㅋㅋ 경찰에 민주당 당원이라고 진술한거 기사까지 떴는데...ㅋㅋㅋㅋ
941,너도 국짐가서찔러라 응원할게
942,극우는 서민들 노리지 저런 거물은 안노림.. 송영길 피습 보면 뭐... 근데 송영길 보다 덜 다친거 같은데.
943,악마네
944,문재앙 아이냐
945,윤재앙 특기가 그거임 수치심 주기.
946,개딸이라 항문에 열광하나?
947,윤석렬 한동훈 맞음항문이 추해서 40년 때림  - dc App
948,검찰의.작품이지 ㅋㅋ  - dc App
949,변희재 옥은호 답없는 새끼들조영한 조원진 한심한 새끼들지랄하고 자빠졌네
950,조선족일보 중공일보 시택똥아일보 조선족갑제 리중공돌 김중공인 중공의힘 시택똥훈....
951,제대로 모르면 입 닥쳐라.일체 거론마라.합당? 뭔 합당?4월 10일 총선위해 연대한 것 뿐이다.
952,국민일보 폐간가자
953,법조인 = 법위의 족속들
954,이 때는 부산저축은행 이었는데
955,궁금하긴하네 얼마나줄지
956,최서원이 희재한테 넘기지 말고 정유라보고 받으라고 한건가?
957,얘는 어째 박근혜랑 지엄마 유죄 만들어 감빵에 집어넣은 윤석열 한가발한테는 찍소리도 못한다니?
958,괜히 판새 떡찰이 아니지
959,변대표는 징역가는거 두려워하는 사람이 아냐
960,비판 따위에 쫄 거면 벌써 그만뒀겠지    - dc App
961,자기 안불러줘서 삐진거 아닌가   - dc App
962,변희재는 일베인증한 순간에 끝난거임.
963,의도가 너무 뻔히 보여서
964,세기와더불어북화혁명당 수석반역자 돼명이 & 중공의힘 수석뿌락치 시택똥훈
965,또 전제부터 틀린 뇌피셜 태블릿 때문에 지 의식해서  선거 안나간다 요래 소설 쓰는거지 윤석열도 태블릿 때문에 정치 안 할거다 못한다 씨분게 요 삼백안 ㅋ 근데 완전 빠르게 대통령까지 됐음 ㅋㅋㅋ 그렇게 틀려놓고 뻔뻔하게 또 똑같은 뇌피셜 지껄임 천재는 ㄱㅃ 하는 것 보면 지 하던 거 계속 재활용 하고 있음 새로울게 없음
966,중국 공산당원들이 총선에 크게 관심 없는듯  - dc App
967,한동훈 연설은 대통령까지 생각하는 내용 같던데 졸렬한 삼백안은 지 심신의 안정을 위해 한을 태블릿에 떠는 쫄보로 프레임질 해야 하니 헛짚고 ㄱㅅ하는거지 ㅋㅋㅋ
968,프로그램 건드는 변창 다중이가 또 ㅋㅋㅋㅋ
969,알콜중독자 찬양하는 2찍들ㅋㅋ
970,김정숙이랑 같은 논리네? 역시 문재앙 충신 ㅋㅋ  - dc App
971,데이나 화이트닮았매  - dc App
972,지 바램을 논평이라 지껄이는 ㅅㄱㄲ  ㅋㅋㅋㅋ완주해봤자 3개월이야 비대위는
973,본인이 정신병지인줄 모르는 정신병자와거기에 속는 사이비종교 신도같은 저능아들
974,노무현 대중 빨았는데 못 떴을뿐 ㅋㅋㅋ
975,"박근혜 왈, 김한수는 '진중괜'이다"
976,히죄가 떠봤자 좁은 좌파 유튭에서 아님 ? 가세연이 우파 유튭에서 젤 잘나갔지만 주류 제도권에서는   안됐음 근데 히죄가 좌파 유튭 원탑도 아니고 정당에서 불러주나 공중파에서 서로 나오라고 하나 진중권이 네임밸류는 아직 더 있음 ㅋ 이게 뜬거라면 그동안은 히죄가 별볼일 없었단거지 다중아
977,변희재가 조중동 공중파 빨아주고 포털 빨아주면 그들이 변희재를 당장 부른다.장사해먹기는 진중권 이상이고 좋잖아.
978,전광훈한테 받은 용돈은 갚았다냐?
979,좌우를 모두 둘러본 구도여행을 마친 선재동자가변희재이거늘.
980,천재는 망상가 몽상가야 모두.변희재의 뇌피셜을 마음껏 즐기라고.
981,1위 언제 등극했는데? 환각증세 심각하네 ㅋ 좌파에서 쫓겨날걸 늘 걱정해야 겠던데?  ㅋㅋㅋ
982,별미친ㅋㅋ
983,ㅋㅋㅋㅋㅋㅋㅋㅋㅋㅋㅋㅋㅋ
984,가래건희 ㅋㅋㅋㅋㅋㅋㅋㅋㅋㅋㅋㅋㅋ
985,나이가 50이여~
986,ㅋㅋ나가요 출신
987,댓글 공작으로 악명 높던 '국정원 심리전단'이 바로 이 3차장 밑에 있었다고 허더라
988,컨트롤 타워는 국방부도 아니고 대통령실이다.대통령실이 책임을 해피하려는 방도로 꼬리자르기 식으로 조무래기 국정원 차장급 인물을 부각시키는 것 같다.
989,"윤석렬 ,  이젠 독도까지 넘겨주네친일파 행각이 너무 노골적이야  - dc App"
990,====(심층) 美 싱크탱크의 한반도 전쟁 경고!신인균의 국방TV구독자 121만명1시간 전.....https://youtu.be/5Qikr1O-PrE
991,군인?ㅋㅋㅋㅋㅋㅋㅋㅋ 저출산시대에먼군인저출산1위 ㅡ> 군인수세계최저 군대유지불가 징용미화이제그만
992,"윤석렬 똘만이들, 지들이 들어갈 자리 잘 다듬어 놓겠다 이거지  - dc App"
993,세기와더불어북화혁명당 & 중공의힘의 연쇄부정선거반란 프로레스링 야바우사기판인 한국정치판
994,한마디로 역대급 개새끼
995,팩트폭격 오지네  - dc App
996,특검을 민주당이 지정하니까 거부하지  유사이래 그런적없음  - dc App
997,ㅋㅋㅋㅋ  - dc App
998,그래서 뭐? 어쩌라고? 7년을 그렇게 당하고도 변과 황을 모르겠냐?그냥 망상 소설이다! 등신아! 등신아! 상등신아~이젠 거짓말 하는 변히재도 나쁜놈이지만 7년째 속고있는 너희같은 망구들이 더나쁘다 ㅉㅉㅉ
999,ㅅㅅ
1000,맞는말하노  - dc App
1001,2찍 틀딱 ㅋㅋㅋㅋㅋㅋ
1002,대구 사는 70대 한가발할매충들이 슬퍼합니다
1003,검찰출신이 저리 법을 몰라서야 쓰나?
1004,한꽃게 ㅋㅋㅋㅋㅋㅋ
1005,센징이 독도라 부르는 다케시마 일본고유영토인데
1006,경찰이 유출 안한 수사 정보 및 개인 톡 내용이 기사화 되었다?그럼 기레기들 구속 수사 안 하나?
1007,전과.6범의...진술을...비판하고....까는....뉴스기사가....1도..없는언론들과....검찰공화국 수준..
1008,개보지년 니애미만할까  - dc App
1009,헨델님 저놈 통매음하고 어머니 명예훼손으로 고소하세요
1010,그 변가는 좌우 제도권 필드 모두에게 버림받은 일개 망상찌라시 틀튜버 ㅋ
1011,조경태는 김포서울 편입말 나오자마자 바로 부산에 플랜카드 걸었음 ㅋㅋㅋ
1012,윤석열에 줄선 놈들 다 뒈지는거
1013,문재앙독재정권에 희생당한 노회찬의원이나 살려내
1014,"상등신아!코로 수면제 흡입하는 사람이 어디있냐?난 이선균 찐 팬이지만, 참고로 내 인생 드라마가 나의 아저씨다!하지만, 마약은 무조건 엄벌하는게 맞다!!!안타까운건 연기력과 인간성이 워낙 좋아서 자숙하다가 다시 출연해도 된다 생각했는데.... 암튼 삼가 고인의 명복을 빕니다!"
1015,"하여간 좌빨넘들은  사회악이야,  암덩어리고  이런것들이  대한민국을 멍들게 한다."
1016,"====한동훈 비서실장 김형동의원 ..."" 부인은 중국인? 장인은 공산당원? 민노총 간첩과 친구, 박근혜 탄핵 찬성, 문재인 당선 축하""성창경TV구독자 80.7만명5시간 전....https://youtu.be/HyYW-Sw4qXg"
1017,꾸기 이색이 또 시체 파묵을라카노  - dc App
1018,경찰은 행안부 소속이라니깐 국장선에서 정리하겠지
1019,법무부 엮을 생각마라 검찰이랑 경찰은 소속이 다르다
1020,좌빨넘들은   자기한테 이익이다 생각되면  남에 죽음  이용하는데 전문이지.
1021,이재명 탓 하던 2찍들이 할 소리는 아니지..
1022,이 드라마 보고 싶어지네 ㅋㅋㅋㅋㅋ
1023,개
1024,딸
1025,개딸 들 솔직히 최민희 저게 국회의원 문장이냐? 뱃지 달고 있으니 한줄 언급한게 제주 해녀 양말 냄새나지 않냐? 정말 저렇게 페이스 질 하는게 국회의원이냐?
1026,전에 국힘 이은재랑 맞먹
1027,대한민국 정치인이 대중연설에서 저 제스처를 하다니.....중2같네ㅋㅋㅋㅋㅋㅋ
1028,엄중한 출정식에서 도대체 뭐하는 짓이야
1029,아재밌다  - dc App
1030,찢주당 음주운전분과 청년최고위원이라도 시켜줘라
1031,ㄴ 나건들면 지하실 ㅋㅋㅋㅋㅋㅋ  - dc App
1032,역시 변희재 정확히게 평론하네
1033,내가 장담컨데 한두달안에 변희대 때문에 개싸움난다 ㅋㅋㅋ 변희재는 가까이 두는게 아니란다!
1034,정확하다
1035,ㅋㅋㅋㅋㅋㅋ
1036,고발사주에 이은 민원사주 ㅋㅋㅋ
1037,사주정부로 기록되는 윤석열 용산전체주의 정권?ㅋㅋㅋㅋ
1038,이거 특검 갈 사안이네
1039,손준성인가? 생각나네
1040,고발사주 명분이 없으니 억지로 만들자_검찰 하나회
1041,니가 곧 국민의 짐이다 - dc App
1042,토착 왜구만 부들부들ㅋㅋㅋㅋ
1043,정계 은퇴 선언인가?ㅋㅋ
1044,"지역구 의원 -> 지면 개망신, 이기자니 선거 경험이 없어 쫄림비례대표 의원 -> 남들이 ""쫄렸나?"" 라고 물어볼게 두려움이러니 그냥 총리->대선후보로 2인자 코스 밟겠다?"
1045,케비닛 보궐 노릴 듯...
1046,돈 몇백이 아까워서 위장전입하는 집구석인데 공공선 좋아하네?
1047,돈 봉투 부스거리는 소리만으로도 빼박 뇌물수수증거라던 사람이...명품가방 받는 장면이 나오는 동영상은 몰카공작이라고?ㅋㅋ
1048,변희재는 그냥 밥벌이를 원했던거지.
1049,결혼으로 변망구조차 영업 안되서 초조해 보이는 생계형 청치주변인..
1050,히죄도 권력에 빌붙거나 권력을 이용하려고 해 좌파 있을 때 부터 일관적으로 그래왔음  근데 지 그런 의도를 잘 덮으며 운신하고 또 능력 안돼서 권력에 줄이 잘 안닿으니 권력과는 인연 없는 권력에 관심없는 인간으로 착각되는거야 그런데 태블릿도 늘 그 반대되는 권력에 붙어서 이용하려하거나 지도 권력을 이뤄보려고 용썼음 그게 잘 안됐을 뿐 그리고 히죄 따위와 박대통령은 이런 걸로 비교될 수가 없음 운신했던 세계와 내공 정치경험 가봤던 세계가 히죄 따위와
1051,그래서 박근혜 권력 되찾음? 그럴 가망성이라도 있음? 윤석열이랑 하하호호 하다가 결국 한동훈한테 짓밟히는 수준 ㅉ
1052,더듬어투기당 김건희 7초매매가능한 슈퍼개미 스캘핑고수라 주장하는중ㅋㅋㅋㅋㅋ개웃기네 ㅋㅋㅋㅋㅋㅋㅋㅋㅋ
1053,"더불어 범죄 절라도당과   맹목적으로 지지하는  잘 사육된  가축들의  주둥이로 민주, 공정, 외치지 말아라."
1054,문재앙이 영끌하라고 부추겨 주식투자자 천만넘는데 김건희7초매매 믿으란다ㅋㅋㅋㅋㅋ김건희특검 얘기할때마다 빵터짐.김건희가 박호두랑 지금이니 이거 한번만 해주면 좋겠음
1055,비추봐라 ㅋㅋㅋㅋ윤석열 장모 '통장 사본 위조' 징역 1년이 중형이냐?ㅋㅋㅋㅋㅋㅋㅋㅋ
1056,부모님 등골 빼먹고 민주당 이재명 욕이나 하고 윤두창 빠는 너희 두창견놈들 나중에 니들이 저소득층으로 전락해서 저런 어려움 안겪는다고 보장 할수 있어?
1057,야 적어도 문재인 이재명 민주당은 윤두창 처럼 저런짓은 안해
1058,왜 과거 이회창 한나라당 지지자였던 내가 국민의 힘과 조중동에 등을 돌렸는지 아직도 모르겠냐?
1059,윤석열이 가장 싫어하는 사람이 전두환이고 하나회 정리한것도 보수 문민정부였는데 천만관객 넘으면 선거에서 민주당이 유리하냐?희망회로 열심히 돌려라ㅋㅋㅋㅋㅋㅋ국민들은 부동산가격 폭등과 전세사기 재앙 안긴 문재인과 민주당 아직 잊지 않고 있다
1060,절라도것들 단체 관람 했냐?
1061,국짐갤 선전 선동 지시 조작 떨어졌드라 각종 커뮤에???
1062,와 ㄷ ㄷㄷ
1063,찢 구라 여론조사부터 다 조사해봐야 ㅉㅉ
1064,김건희 녹취록에 지가 웬만한 무당보다 잘본다고 했었는데 아마 윤석열한텐 도사나 무당급 존재일듯
1065,하나하나 다 추방시킨 변희재의 뛰어낫 용병술 아냐?
1066,변이 저 둘다 유튜브 퇴출시킨건 앎?
1067,저땐 안정권이 학력 경력 속인거 아무도 몰랐을때임. 홍지수도 의심없이 안정권 방송 합방했을때
1068,2찍들 정신승리하자마자 2무룩 ㅋㅋㅋㅋㅋㅋㅋㅋㅋ
1069,네덜란드 국빈 방문 효과가  드디어  나왔네 ㅋㅋㅋㅋㅋㅋㅋㅋㅋㅋ
1070,반도체 동맹 문서에 잉크도 안 말랐겠네ㅋㅋㅋㅋㅋㅋㅋㅋ
1071,ㅋㅋㅋㅋ 사스가 두창이
1072,그들의 세계에 갇혀 산다치워버려야할 것들
1073,ㅋㅋㅋ 그렇게 열심히 빨아줬건만 돌아온건 ㅉㅉ
1074,니들도 그냥 민영화 하고 광고 존나 받아라 ㅋ
1075,"윤적윤, 윤석열의 적은 윤석열ㅋㅋㅋㅋㅋㅋㅋ"
1076,입으로 흥한 자 입으로 망하리
1077,이재명 악마화의 원흉?
1078,ㄹㅇ
1079,한동훈 ??총선 끝나면 정치생명 끝  - dc App
1080,진짜 밥맛떨어지는  일화네ㅋㅋ
1081,인생에 단 한번이라도 서민(?)이였던 적이 있었을까?서민을 입에 담는다는게 좀 가소롭네ㅋㅋ
1082,그때나 지금이나 언행 일치 안되는건 똑같군요
1083,서울대 출신은 민간인납치고문사건 일으킨 똥팔육만 거르면 됨
1084,두창견들 날뛸때마다 보여주자 이거
1085,가발새끼 아구창을 그냥 확시발 처날리고 싶네
1086,김히 누구한테 더러운 주둥아리 처놀리노 더러운 룸빵폭탄주 개새끼들
1087,역사상 가장 클린하고 안티였던 놈들조차 박통 애국심 진정성은 다들 인정할 정도로 인기 영합 하지 않고 개혁을 하려다 더러운 적폐들한테 통수 당한 비운의 지도자
1088,개시발 더러운 양말 폭탄주룸빵 새끼들 진짜 토악질 나온다 아오
1089,ㅋㅋㅋㅋㅋㅋㅋㅋㅋㅋㅋㅋㅋㅋㅋㅋㅋㅋㅋㅋㅋ
1090,ㅋㅋㅋ
1091,장원이오
1092,이새끼는 너무 깐족대서 어르신들 눈 밖에 남  - dc App
1093,동훈이 치부 언론에서 많이 감춰줬쟈?인쟈는 네 시간이다 마음껏 깝싸놔라 윤석열 말미가 본인 시작일지 보게
1094,시발 아수란줄
1095,ㅋㅋㅋㅋㅋㅋㅋㅋㅋㅋㅋ
1096,나 2찍인데 버얼써 정신 차렸다한동훈 비대위면 이번 총선 개폭망  - dc App
1097,위기 상황에 위기촉발자를 비대위원장으로 - dc App
1098,"한동훈 잘 봐둬라제 2의 노태우 ㅋㅋ원석렬 뒤통수 깐다, 반드시 꼭  - dc App"
1099,항문견들 댓글이 없네
1100,권익위원장 겸직 방통위원장 후보가 개검 출신 행동대장이라 에휴..
1101,하루라도 빨리 검찰 수사권부터 없애야 하는데ㅋㅋ
1102,김건희 특검 가즈아
1103,김건희의 비데 위원장 ㅋㅋㅋㅋㅋㅋ
1104,실베 보내야 한다.  - dc App
1105,몰카에 찍히면 공작이라는 공식을 만든 한동훈. 억지가 아니면 김건희 방어가 안 되나벼~  - dc App
1106,ㅋㅋㅋㅋ 패소할 결심 ㅋ  - dc App
1107,2찍들이 미친X이라서 알면서 찍어 준 ㅂㅅ
1108,대가리 깨진 2찍들 천지네ㅋㅋㅋ
1109,하....
1110,무능한 한동훈이 국힘 비대위원장을 한다고?ㅋㅋ
1111,AI 판사를 도입해야 하는 이유
1112,ㅋㅋ
1113,합법적 살인마 검새
1114,송영길이 미칠만 하네
1115,추미애 장관이 결국 옳았다는 게 증명될까?
1116,윤석열의 아킬레스건 일파만파 ㅋㅋㅋㅋㅋㅋ
1117,ㅋㅋㅋㅋㅋㅋㅋㅋㅋ
1118,70대 이상 틀니층 씹.
1119,부정선거만 못하게 감시 철저하게 하자
1120,대구 경북은 뉴스 시청금지인거냐
1121,한동훈이 비대 위원장 하면  대통령이 국회 장악 하냐고 역풍 맞으면 총선 패배 ㅋㅋ
1122,홍준표는 무조건 자기 당 바판 한다 ㅋㅋㅋ노빠꾸임 ㅋㅋㅋ
1123,준표가 나서라
1124,민주당은 이번 총선에서 대승리하면 제발 윤두창 한뚜껑 국힘과 달리 페미만큼은 버렸으면 좋겠음 민주당은 페미만 버리면 그래도 무난한 당인데 말이지
1125,느그 이재명을 좀 보고.. ㅋㅋ
1126,똥돼지네 수석똥충견에 수석간첩인 재한조총련 의장 남로달곰문이한테 300m 경호의전을 하고있는 수석호위견 석열이임
1127,ㅇㅇ
1128,비위 증거도 못 냐는 검찰 따위..
1129,관상 봐라
1130,'민주주의와 민족통일을 위한 국민연합'
1131,세기와더불어뿌라스반란당&부역의마이나스힘의 뿌라스반란&마이나스부역 연쇄부정선거반란을 확증하는 뿌라스반란&마이나스부역 데칼코마니 그래프
1132,드가자 ㅋㅋㅋㅋ
1133,국민들이나...열심히...세금을...납부하라는 건가?
1134,"주가조작, 세금탈루, 뇌물수수… “윤 대통령은 이런데도  국민에게 성실히 세금을 납부하라고 말할 수 있는가.""https://v.daum.net/v/20231213162331676?f=o"
1135,법대로 처벌해야지
1136,김건희는 대선 앞두고 본인 관련 재산 59억? 신고 했으나건강보험료 납부액 월 7만원 대  로 기사 보도 됨.
1137,조세 포털이네 ㅋㅋ
1138,관심 꺼라  - dc App
1139,둘다 지겹다.서울구치소나 동반입소해라
1140,베충이가 걱정을 하는거냐 미친  - dc App
1141,언론이 무마시켜주니 완전히 아싸리판이구만돈봉투의혹 김현아. 황보승희(불륜의혹)
1142,재한조총련 혁명예술선전대 작품...
1143,북한찬양하면서 북한은 안가고 미국일본만 뻔질나게 돌아다님. 지들도 안가면서 북한찬양하면 사람들이 믿냐? 종북정신병자들 가족들 데리고 북으로 꺼져
1144,웃기는것은 진작일제강점기 섬나라 왜구와 군사독재 정권과 독재자로 부터개인의 자유 찾아준 독립열사와 민주화 세력을 뻘갱이라 매도하는 것이 현실..
1145,2찍은 민주주의를 추구하지 않고 권력과 이익만을 탐할 뿐...
1146,진짜 민주주의를 수호하면 좌빨인가? 그럼 우빨의 정체성은? 내로남불 국찢당
1147,과거 친일매국노들이엘리트주의로 똘똘 뭉쳐 자칭 보수 우파라고 전국민 상대로 가스라이팅 해왔지애국이 아니라 매국이겠지
1148,그러면서 보수우파라면서 패미니즘 동성애 다문화 트렌스잰더 미국 민주당 쳐빨자나
1149,팩트)) 일베들은 본인들이 모순인걸 모름 ㅋㅋㅋ
1150,빨갱이만도 못한 보수일베만도 못한 진보
1151,애꿎은 상인만 피해보네
1152,파는 음식에 젓가락으로 뭐하는짓인지
1153,시밬ㅋㅋㅋㅋㅋㅋㅋㅋ  - dc App
1154,대통령으로서 너무 경솔했네
1155,민심 살피러 시장 나갔다가 상인이 행정처분 받음 ㅋㅋㅋㅋ
1156,굿
1157,윤석열이가 나쁜거지  사장이 나쁜거냐 ㅋㅋ
1158,대한민국이 다 지 밥상 같을테지요.
1159,부디 저 결과가 2024년 총선의 실제 결과로 이어지기를...
1160,총선 ‘야당 승리해야’ 51%…尹 집권 후 최고치 [한국갤럽]https://v.daum.net/v/20231208111503273?f=o
1161,민심은 천심
1162,"그동안 중,러 무역으로 단물 빨아 경제 성장했으면서하루 아침에 반중친미 선봉대에 서서 빨갱이 논쟁으로 적국으로 돌렸으니"
1163,미국이 먼저 반도체 금지등 중국상대로 무역 전쟁 걸었으니미국 꼬봉국 한국은 지금 미국 속국 당하는중
1164,외교는 실리가 우선인데 멍청한 윤두창
1165,우마오당 주제에 뭔 궤변?목사는 정치 안하는 것이 죄다.그럼에도 전목사님은 직접 정치는 안하신다.이 빨갱이 우마오당 새끼.네 저주 열심히  불렀음을 알지어다.
1166,야 대깨윤 좌파스나이퍼도 반윤 됐더라 닌 언제 정신 차릴래? ㅋㅋㅋ
1167,1 2 3 4 전부
1168,Dior is Ready ㅋㅋㅋㅋㅋㅋㅋㅋㅋㅋㅋㅋ
1169,탄핵에 빌미가 될 수 있으니 꼬리 자르기 하자는거 같은데...
1170,오뎅 만들어 어디 개밥으로 주면 잘먹을 듯
1171,두창이랑 두창견들 먹이자
1172,나라망신 ㅋㅋ
1173,윤두창이 병신인건 사실이지만 짱깨년들이 할 소린 아닌듯
1174,윤석열대통령 까는건 짱깨(와 그분들)뿐이노
1175,짱개년 오줌맥주처먹던 입으로 지껄이지마. 찌릉내나
1176,ㅋㅋㅋㅋ쥴리온냐 이쁘시긔
1177,근데 도청은 불법 맞는데 왜
1178,가방도 많고 돈도 많으니까 냅둬유
1179,응 최악의 경우 상정해본거야 민주당애들 저거보고 김칫국 설레발치는거 아니지
1180,국짐당 계속 헛발질만하니 민생 노동자 처우개선은 뒷전 어떻게든 공천에만 혈안되있음
1181,민주당 그래도 방심하지말고 만전을 기하여 윤두창과 국힘 개박살내자
1182,날짜랑 지 이름까지 써가서 베끼네ㅋㅋㅋ
1183,검사 맞아?
1184,머리는 폼일뿐..
1185,꼴통 인간은 개조가 안된다
1186,응 니망상  - dc App
1187,다 파헤치자
1188,어차피 윤석열은 대튱령이라  처벌 안 받음 ㅋㅋ
1189,소고기 943만원?
1190,이렇게 편안하게 얘기하기엔 자살자가 너무 많지 않아?  ㅎㅎ
1191,트럭이 1차선으로 왜 달렸는지 톨게이트도 1차선에서 통과했는지 밝혀. 1차선 트럭대 자가용 사망사고나면 교통법규지킨 자가용운전자는 뭐대냐
1192,이거 논란될 것 같더라니... 어휴... 무슨 망신이냐
1193,ㅈㄹ하다 역풍 맞겠네
1194,판매해야 하는 음식에다가 젓가락질 하면 어떡하냐 ㅡㅡ 저건 기본적인 상식 아닌가?
1195,"먹던 젓가락으로 뒤적뒤적 -,-"
1196,저러면 저 만두들 다 버려야됨
1197,사회화 덜된 놈 맞음
1198,포장마차 아줌마는 뭔 죄냐 대통령이 그러는데 ㅋㅋ
1199,또 윤두창 병신샠기 때문에 애먼 사람이 피해보나
1200,3차선서 트럭 바로 앞쪽서 달리던 대리기사와 1차선 트럭기사가 거의 동시에 좌와 우로 깜박이를 켜고 2차선서 충돌
1201,어디서 삿대질이야ㅋㅋㅋㅋㅋㅋㅋㅋㅋㅋㅋㅋ
1202,국가원수가 녹을 먹고 하는 일이 오ㅑ 이 모냥이누
1203,타국 대통령이 처벌 안 받지 일반인여봐 ㅋㅋㅋㅋ
1204,시바 대한민국이 군사력이 강해서 다행이제 ㅋㅋㅋㅋ
1205,책임 질 일 이 뭐 있누개돼지들 눈 다 가려버리면 그만인데~~~~~~
1206,6000억 ㅋㅋㅋㅋ허위사실유포 하셨네요
1207,오송치하차도 참사때 도지사 김영환 책임도 안 졌지 윗선은 수사 방해 하고
1208,국제행사 잼버리는 인당 참가비만 얼마인데 땡볕 아래 시설 하나 안 갖춰 그따위로 개최해 국제적으로 망신 키우더니 결국 엑스포 유치까지 대실패
1209,명언
1210,2021.12.10 대장동 의혹 유한기 자살2021.12.23 대장동 의혹 김문기 자살2022.01.12 이재명 의혹 제보자 이병철씨 의문사2022.07.27 김혜경 법인카드 참고인 의문사2023.03.09 이재명 전 비서실장 자살2023.09.20 민주당 김포시의원 의문사2023.12.06 대장동 핵심증인 유동규 교통사고
1211,"법원 ""김용, 이재명 대선 경선 준비 위해 정치자금 필요"" ㅋㅋㅋㅋㅋㅋ 김용 알리바이 ㅋㅋㅋㅋㅋㅋ 구라로 드러남"
1212,검새출신 국개면 국짐이네
1213,검사 출신 국힘쪽 5선 의원 아들
1214,몰카 아니고 잠입취재
1215,남은 임기 준비 ㅋㅋㅋㅋㅋ
1216,멀쩡한 사람 주변 털어서 자살로 몰아넣는 정치검찰을 먼저 해체하는 것이 더 시급하다
1217,당장 1년도 못내다보는 정부가 뭔 10년 계획을…개가 웃는다
1218,병신새끼
1219,윗놈들 부패에 국가의 심각한 구조가 문제인데 상담으로 자살 막겠다고? 여자들이나 그럴수 있겠지만
1220,긴머리 스녀
1221,나라 거덜나고 있는데 혈세 펑펑 사용하네
1222,에혀 - dc App
1223,35조원 하고 맞빠군게  대영제국 훈장 블랙핑크 ?ㅋㅋ
1224,제보자 말만 믿고 오늘 검찰이 경기도 압수수색 했었나?ㅋㅋㅋㅋㅋㅋㅋㅋ
1225,제보자와 국민의힘이 어떻게 붕짜자 붕짜 하는지 궁금하다
1226,하지만 동영상까지 있는 수백만원 명품 디올 받은 X 는 멀쩡한거 모르나?ㅋㅋㅋㅋㅋㅋㅋㅋ
1227,만덕산에서 또 내려 올 준비 하나?ㅋㅋㅋㅋ
1228,선거때 되니 각설이들 총 출동하나?ㅋㅋㅋㅋㅋㅋ
1229,그저 내각제 숨기고 선거제 개편 호소 ㅋㅋㅋㅋㅋㅋㅋㅋ이탄희 비롯 이 새끼들 잘 봐두면 그 끈이 어떻게 이어지는지 알게됨
1230,이놈이 이러니 수상
1231,지가 종로 버린것처럼 남들도 쉽게 버릴줄 아나보네ㅋㅋㅋㅋ
1232,안 사요 ㅋㅋㅋㅋㅋㅋㅋㅋ
1233,역시 호남이 버린 인물 답군ㅋㅋㅋㅋㅋ
1234,경기관광공사 사장 못먹으니 정신이 나갔네 쿠상이 ~ - dc App
1235,"얼마나 병신이면,  황교안을 빠네ㅋㅋ 장애인"
1236,태블릿은 못드는 병신조국
1237,공직자수사를 못하는 공수처 ㅋㅋ
1238,ㅋㅋㅋㅋㅋ  - dc App
1239,그래서 언제 잡혀감?
1240,아  정말 더러워서 ㅋㅋㅋㅋㅋㅋㅋㅋ
1241,담배 피나?ㅋ
1242,계집년이 가래는 왜이렇게 많이 나올까..? 담배도 피나 ㅋㅋ - dc App
1243,영부인도 사람인데 몰래찍어도 되냐 진짜 민주당 좌파새끼들 할줄아는게 저런거밖에 없지
1244,홍석현도 전라도니 윤석열도 전라도 똥 맞네
1245,"잘하는건  데모질, 파업질."
1246,경상도 찌그레기 ㅋ
1247,찐따 일베2찍 같은 ㄱ ㅐ소리하고 자빠졌네 ㅋㅋㅋㅋㅋㅋㅋㅋㅋㅋㅋㅋ
1248,맞는 말이오. ㅋㅋㅋㅋㅋ 전라인민공화국 독립 은제하노? - dc App
1249,저게 푸틴이 우리한테 줬던 마지막 최후 통첩이었던거지
1250,왜냐하면 러시아는 경제도 중요하기 때문에 한국과의 경제교류도 무시할수 없는 부분임. 그래서 한국이 러우전에서 중립 지키고 자신들을 비난하지 않고 젤린스키와 우크라이나 편을 들지 않았다면 러시아는 우리에 대한 경제제제도 하지 않았을거고 북한에게 일방적으로 기울지도 않았을거임. 그런데 그 기회를 차버린게 윤두창이지
1251,저때 이미 푸틴과 러시아는 우리한테 시간과 기회를 줬고 윤두창에게도 마지막 기회를 줬는데 바이든과 젤린스키한테 의존하면 다 될줄 알았던 희대의 멍청이 윤두창 때문에 결국 우리나라와 국민들이 타격을 입게 됨
1252,난 이미 저 시기때 이미 경고 했었음 똑바로 안하면 결국 한국이 타격받게 될거라는거 말이지
1253,판사 누고? - dc App
1254,김용 알리바이 ㅋㅋㅋㅋㅋㅋ 구라로 드러남 ㅋㅋㅋㅋ
1255,고소나 안당하면 당행인줄 알아라
1256,"선거는=직접참여 여론조사+당선자선출, 곧 날짜를 정해 직접참여하는 여론조사로 당선자를 뽑는 게 선거인 것"
1257,얜 독재가 뭔지도 모르는 애일듯ㅇㅇ  - dc App
1258,그러면서 김정은 문재앙 빨아대는 민주당수준 ㄷㄷㄷ해
1259,대통령도 탄핵하면 스스로 물러날지도 . 총선이 더욱 중요해졌네
1260,국회에서 탄핵 표결이 걸렸는데 사의표명하고 그걸 또 재가하면  직권남용 권리행사 방해 아닌가?
1261,이게 왜 인간이길 포기한거임 너 대깨문이냐? ㅋㅋㅋㅋㅋㅋㅋ
1262,박그네랑 즈그엄마 감옥 보낸 가발 수호 앞잡이가 됐노 ㅋㅋㅋㅋ
1263,진짜 정유라는 나이도 어린애가 저랬다는게 놀랍다
1264,캬
1265,짖어하면 개처럼 짖는대ㅋㅋㅋㅋㅋ유라 팩폭오지네ㅋㅋㅋㅋㅋ
1266,유라야 크게보자 좌빨들 더  휘둘리게 ㅋㅋㅋ
1267,한동훈과 관계 유무를떠나 테블릿이 조작 된건 맞구나
1268,테블릿에  조금이라도  삐끗한 말한 사람은  바로  원수 됨  김경제까지 ㅋㅋㅋㅋㅋㅋ
1269,1
1270,ㅛ룡
1271,료6ㄹ
1272,요ㅛㅇ
1273,료ㅛㄹ
1274,Yfd
1275,ㅅㅌㅌㅅ
1276,지가 남북관계 몰 하는데? 통일부가 봉으로 보이나  - dc App
1277,'부산을 점령하라'는 돼일성의 특명을 받고 남파된 남도부의 빨치산부대소굴엿던 신불산서 17년간 수행햇다는 염수수염 천공이....
1278,북한가서 땅투기하려고? 복부인
1279,토 나오네ㅣ
1280,유치하다 유치해 ㅋㅋㅋㅋㅋ
1281,이게 나라냐?
1282,"====제23대 신임 광복회장에 '尹의 친구 아버지' 이종찬 당선펜앤드마이크2023. 5. 25. — 여천홍범도장군기념사업회 이사장을 지내기도 한 이종찬 신임 회장은, 윤석열 대통령의 오랜 친구인 이철우 연세대학교 법학전문대학원 교수의 부친이기도 ...====낙방생 윤석열, 김선수의 사시 합격을 위해 이종찬을 만나다시사저널2021. 4. 2. — 김선수 대법관, 시위 전력으로 떨어질 뻔 ...거기서 선수를 만나 이종찬 의원 댁까지 걸어서 갔습니다......5공 시절 시위 경력자들의 사시 3차 통과 및 연수원 입소는 대부분 이종찬 의원이 하신 거라고 보면 될 겁니다.”....김선수는 사법연수원 시절....이 모임에서 만난 사람 중 한 명이 사법연수원 1년 후배인 중앙대 출신의 이재명...."
1283,이 짓 한 자들은 해고시켜야
1284,개나소나 유튜브로 뜨면 오징어 게임 인지도도 개ㅈ밥인데  저거 나이80이상 처먹은 정신병자짓인듯  - dc App
1285,2023부선엑스포 개최
1286,ㅋㅋㅋㅋㅋㅋㅋㅋㅋㅋ
1287,진짜 손절할거냐
1288,팩폭 ㅋㅋㅋㅋ
1289,이게 3개월전 보도인데정부와 국힘은 언론과 함께 진실은 모르쇠하면서 희망고문 했지?
1290,윤석열 뿐만 아니라 정부전체가 차단된 국제정보로 왜곡된 판단을 계속 하고 있다는 것...이 정부는 국정 모든 사안에서 올바른 판단을 못하는 시스템으로 돌아가고 있다는 것을 명확하게 보여주는 예....유치 성공이 중요한 것이 아니고 윤석열의 해외 순방을 정당화하기 위한 수단으로 사용한 것 같다.
1291,결국 전라도가 또 나라망친거네  - dc App
1292,살고 싶으면 2혼 추천한다 ㅋㅋㅋㅋㅋㅋㅋㅋ
1293,앞으로 뇌물 받고 걸릴 땐 반환 예정이라고 하면 무죄되겠네? ㅎㅎ
1294,내년 총선 국짐 29석이면 가관이겠군 ㄹㅇㅋㅋ
1295,이구이구.. 대단하다 ㅋㅋㅋㅋㅋ
1296,이거면 금지어로 18도 들어가겠는대?
1297,공산당
1298,왜 무관심을 줬을까? ㅋㅋㅋㅋ
1299,병신새끼
1300,ㅋㅋㅋ  - dc App
1301,그냥 틀니 빼고 방구석에서 잠이나 쳐 자라
1302,돈이 적어서 유치 못할 거였으면 시작도 하지 말았어야지
1303,29표 받으려고 그동안 쓴 돈이... 이거이거 국정조사 특검 압수수색 해야 된다고 본다. 돈 어디어디에 썼는지 밝혀야지.
1304,비번도 못까 ㅋㅋㅋㅋㅋㅋㅋㅋㅋㅋㅋㅋㅋㅋㅋㅋㅋㅋㅋㅋㅋㅋㅋㅋㅋㅋㅋㅋㅋㅋㅋㅋㅋㅋㅋㅋㅋ
1305,ㅋㅋㅋㅋㅋㅋㅋㅋㅋㅋㅋㅋㅋㅋㅋㅋㅋㅋㅋㅋㅋ
1306,ㅋㅋㅋㅋㅋㅋㅋㅋㅋㅋㅋㅋㅋㅋㅋㅋㅋㅋ
1307,ㅋㅋㅋㅋㅋㅋㅋ
1308,ㅋㅋㅋㅋㅋㅋㅋㅋㅋㅋㅋㅋㅋㅋㅋㅋㅋㅋㅋㅋㅋㅋㅋㅋㅋ
1309,ㅋㅋㅋㅋㅋㅋㅋㅋㅋㅋㅋㅋㅋㅋㅋㅋ
1310,ㅋㅋㅋㅋㅋㅋㅋㅋㅋㅋㅋㅋㅋㅋㅋㅋㅋㅋㅋㅋㅋㅋㅋㅋㅋ
1311,ㅋㅋㅋㅋㅋㅋㅋㅋㅋㅋㅋㅋㅋㅋㅋㅋㅋㅋㅋㅋㅋㅋㅋㅋ
1312,쓰레기 단체
1313,보수가 너무 착하고 선해보일 정도다.
1314,"인요한도 한동훈과 다를 게 없는 부류인데, 무슨 선대위원장? ㅋㅋ 아주 잘하고 있어ㅋㅋ"
1315,아이와 부인을 건든게 누군데 ㅋㅋㅋ
1316,마피아가 집권중인 나라?ㅋㅋㅋㅋ
1317,참여마피아출신 김경률
1318,ㅋㅋ
1319,황교안이 전관으로 벌었던 수익은 다들 까먹었나?ㅋㅋㅋ
1320,모 검사장은 전관으로 돈 벌어서 빌라 몇 채를 샀었지?
1321,티비조선 대단하다  ㅋㅋㅋㅋㅋㅋ 한동훈가족도  ㅋㅋㅋㅋㅋ
1322,윤석열 - 지옥 1배문재인 - 지옥 5배이재명 - 지옥 7배청년 군사혁명 - 지옥 0.5배
1323,"범죄자들의 정의시민척 하는 좃같은 나라,  바로 잡아야 한다."
1324,범죄자들이 득실득실  - dc App
1325,"맞말이지,  이번 선거는 범죄자 년넘들 때려잡는 선거."
1326,막말부터가 쫄린거임 ㅋㅋ
1327,느그윤
1328,천공 스승이라는 인간 이름이 이천공?ㅋㅋ
1329,쉿~천공의 2000공양설 들켜버린겁니꽈
1330,그냥 문재인 사람 이거 같은데~!!문재인에게 충성하는 거 아냐~!
1331,ㅇㄱㄹㅇ
1332,에휴
1333,김윤 민주당 비례후보.이재명 웃고 있다.
1334,설마 김건희가 커넥션 중심에 있는 건 아니겠지.
1335,거니가 스승으로 모시는 李천공이 이천명 증원하라고 시켜서 저러나?  안철수도 반대하고 대통령주치의도 반대하고  연구기관들도 반대하는 이천명 고집하면서  숫자의 근거도 못내놓는 이유가 뭘까?그냥 이천명 닥치고 이천명 아몰랑 이천명 왜? 李천공과 거니때문이니?
1336,석고대죄해야될듯.
1337,좌파교수 핑계대는거보소 ㅋㅋㅋㅋㅋㅋㅋㅋㅋㅋㅋㅋㅋㅋㅋㅋㅋㅋㅋㅋ  - dc App
1338,좌파까면서 총선 2찍할수있음??  - dc App
1339,의료계 좌파 카르텔에 윤석열포위돼 빠져 나오지 못하는 거같은데 윤 돌머리로는 상상도못하겠지만 주변 부터 다 경질해 봐 박민수. 안상훈. 자생 커넥션등등.
1340,몇안되는 찐 보수우파분중 제일 똑똑하고 글 잘쓰시는분
1341,2000명 갖고 싸운다고~!!!!!!!중요하지도 않는데~!
1342,거긴 절라도잖아
1343,원희룡아 반윤을 했어야지
1344,민주당 선대본부장 이수정? ㅋㅋㅋㅋ
1345,여야 모조리 아니다~!
1346,고도의 심리학자라 그런지 . 어느당을 입당하려고 개수작을 하는지 모르겟다 ㅋㅋㅋ
1347,ㅋㅋㅋ
1348,빨갱이들 커밍아웃.
1349,서울은 동료시민에게.
1350,남하시켜 성문을 열어 줌.좌파들이 원하던 서울 이전 노무현 한풀이.
1351,평양 과 사울 대결에서 서울이 후퇴.
1352,세종이전= 북한 포격사거리밖으로 피신.윤석열 전시작전권 연장안함. 박근혜는 무기한 연장에 이명박도 3년연장했는데 . 한동훈은 미문화원 점거한 반미운동권 공천주고 도태우같은 우파는 날려버림. 왜일까? 이승만기념관은 말만하고 518처럼  43제주폭동 후손들에게 몇천억대 보상금지급중.518도43도계속 모집 현재도 계속 늘어나고 보상금도 계속 퍼주는중
1353,문재인 이 못한것 윤석열이 거침없이 밀어 붙이고 있어.껍데기는 우파라고 팬심이 대단하니 얼마나 쉬어 보수는 궤멸되고 모든게 좌파정팩 이래도 추종 노예들 가득.
1354,북한의 서울 접근 김포 서울화하려고 했지 군사 요충지 김포허물어 뜨림 . 한동훈 찐 종북 종중.
1355,???: 윤서방~ 또 걸렸네~ 수고스럽더라도 잘 부탁허이~
1356,사기꾼이 사기를 한번만 해쳐먹었을거란 생각은 너무나 순진한 생각 아닌가?ㅋㅋ
1357,ㅋㅋㅋㅋ
1358,ㅋㅋㅋㅋㅋㅋㅋㅋㅋㅋㅋㅋㅋㅋㅋㅋㅋㅋㅋㅋㅋㅋㅋㅋㅋㅋㅋ
1359,시사와 예능도 접목될수있다는것을 보여주는 독보적인 사회자.  kbs더라이브보다 좀더 캐쥬얼하게 시사를 진행하면 최고의 진행자로 안성맞춤이지. 앞으로가 더 기대되는 최욱.   화이팅~~
1360,ㅊㅋ
1361,공중파가 아니라 지상파
1362,극우코인으로 폭망ㅋㅋ
1363,정권 바뀌면 리천수 일본으로 도피하나?
1364,문재앙은 시민단체전형 추진하다가 12일만에 의새한테 무릎꿇고 고소고발한거 다 취하해줌 ㅋㅋㅋㅋㅋ
1365,누군가 언젠가 해야한다면 지금 내가 하겠다 크 윤카 화이팅^^
1366,문재앙때 했을때는 찍소리 안했지?
1367,진짜 노비면 한다고 줄서는 사람들 없다
1368,분명 재앙이된다.AI 인구감소로 줄여야할 판에 대폭 증원 한마디로 죽자는 것.
1369,ㅇㅇ맞음
1370,의사들 전부 우파들인데 자기편 죽이는 이상한 인간대책도 없이 갑자기 70% 증원 레알 미친거 맞음
1371,사악한 머머리와 칠푼이
1372,니가 지랄해봐야ㅑ 근본 원인은 이재명이고 2등은 한동훈임
1373,나는 정통보수야 민주당 이기는 것 바라지도 않아어차피 그놈이 그놈윤석열 이재명 원팀매국노들 객관적으로보는 거야.
1374,문재인이 진보 표밭이었던 이대남을 극우로 바꾼거랑윤석열이 보수를 뜨리고 있는거랑 뭐가 가르나?
1375,동감 윤석렬은 지금 민주당 위해 선거운동하고 있음
1376,국민의성추행당ㅋㅋ
1377,성추행의힘ㅋㅋㅋㅋㅋㅋ
1378,정당 지지도 현황https://ejrrn.ulog.kr/630523
1379,공직 선거법 115조 위반?제 삼자 기부행위 금지
1380,정당 지지도 현황https://ejrrn.ulog.kr/630523
1381,정당 지지도 현황https://ejrrn.ulog.kr/630523
1382,정당 지지도 현황https://ejrrn.ulog.kr/630523
1383,정당 지지도 현황https://ejrrn.ulog.kr/630523
1384,ㅋㅋㅋㅋㅋㅋ 숟가락 잘 올리누
1385,인플레인데 돈풀자는 멍청이 주제에 ㅋㅋㅋㅋ 누가누굴 칭찬하노
1386,좋은 정책 뺏기니 약오른듯
1387,반일하면서 일본여행 많이가는 좌좀들
1388,이 쇼를 위해서 환자며 의사(부산대 교수님 사망 소식이..)며.. 자신들의 쇼를 위해선 사람 목숨을 파리목숨처럼 보는 정권이라고?
1389,제2의 총풍사건?
1390,법위에 군림하는 검찰은 해체가 답인 것 같다
1391,조국혁신당에서 검찰 조직적 디지털 범죄 행위로 민간인 사찰로 규정하고 공수처에 고발하고 빠른 수사 착수를 촉구하는 내용https://www.youtube.com/live/B-VlIo5iz7I?si=_d3TO0uqNxersonq27분경부터 보시길..
1392,일본 핵오염수 방출..국힘당 선거 폭망ㅋㅋㅋㅋㅋㅋ
1393,부동산 폭등시킨 1찍 ㅅㅋ들이 물가타령???? ㅋㅋㅋㅋㅋㅋㅋ
1394,"??? : ""다시 들어봐주십쇼. '875엔'이라고 했습니다.""ㅋㅋㅋㅋ"
1395,대파게이트 ㅋㅋㅋㅋ
1396,자기가 장을 마니 봐봐서 잘 안다고 덧붙인 게 더 역겨웠음 주위에서 억지로 웃어주는 병신들하고
1397,저 인간이 검사 출신에 법무부 장관이라 경찰이 무혐의 주갰지 ㅋ
1398,"한강의기적을 사람잡아먹는 한강의 흉칙한 괴물로 선전선동세뇌한, 재한조총련 레밍예술선전대 레밍예술영화감독 봉주노"
1399,좆86 = 역사상 최악 내로남불 꿀빠니스트 쓰레기세대
1400,4050 극혐 꼰대세대
1401,현실은 방구석 히키코모리 커뮤티인간들 = 우파사회의 어엿한 구성원으로서 주변인들에게 사랑받는 사람들 = 좌파이건 우파 좌파 구별없이 인정하는꼴 아닌가 ㅋㅋㅋㅋㅋㅋㅋㅋㅋㅋㅋㅋ
1402,"멕도날드 먹는 사람은 미국 비판하면 안되고, 초밥 먹는 사람은 일본을 비판하면 안된다, 미국, 일본 비판하는 것은 좌파인데 좌파는 적이라는 저 기묘한 사고방식이 도무지 이해가 안간다. 그냥 자신들 사고방식의 틀에 모든 세상과 사람을 껴맞추려고 마구 우겨넣음."
1403,뜬 구름 잡는 아무 내용 없는 하나 마나 한 소리
1404,정치성향 떠나서 눈빛이며 말투며 그냥 패고싶거 생김   - dc App
1405,좌좀탈출은 지능순
1406,비추보소 2찍들 선동 안먹히노ㅋㅋ
1407,죽일놈 새끼
1408,선조 인조 연산보다 더 최악
1409,통일신라 민애왕급
1410,어차피 조국신당 지지자들 대다수가 민주당 이재명 지지자들임
1411,꾹아  ~  감방가야지?
1412,범죄인 가족 일당 저런넘이 어떻게 공무원 되겠다고  나오지?    국민년넘들이  개돼지라  그런거지.
1413,'한동훈 처가 비리 의혹' 검색해봐라ㅋㅋ
1414,꾹이는  감옥갈 걱정이나 하는게 좋을거 같다. 남 신경쓸 여유나 있나?
1415,벌써 부터 기대됨. 조사시작하면 만리장성 만큼 나올거같다 ㅋㅋㅋ
1416,무식한 하나가 나라를 ..
1417,페미니스트 운동 청산이 시급하다
1418,선택적 페미니스트의 2차 가해 운운하는 것은 여성 인권 운동을 왜곡하는 것..
1419,이거 명문의 글이네
1420,홍석현 윤석열 친윤 검찰 세력의 실체를 정확하게 꿰뚫어봤네 그 배후가 미국 민주당  pc페미계 중앙일보 jtbc홍석현임
1421,신평도 정확하게 봤네 애초부터 약발도 없었음.
1422,문재인 호불호 떠나서 문재인 페스카마호 변호한거부터 트집잡을떄 미친 새끼들이라는건 짐작 했다만 그게 문재인 개인 호불호로 판단할 문제냐? 변호사가 뭐하는 직업인지 몰라? 법이라는 체계가 만들어질떄 왜 변호사가 생겼는지 모르냐?
1423,검사새끼들은 검사는 피의자 취조하니까 정의의 축이고 변호사는 피의자 변호하니까 악의 축이라고 생각하는 거 같음
1424,ㅋㅋㅋㅋㅋㅋㅋㅋㅋㅋㅋㅋㅋ
1425,ㅋㅋㅋㅋㅋㅋㅋㅋㅋㅋㅋㅋㅋㅋㅋㅋㅋㅋㅋㅋㅋㅋ
1426,ㅋㅋㅋㅋㅋㅋㅋㅋㅋㅋㅋㅋㅋㅋㅋㅋㅋㅋ
1427,ㅋㅋㅋㅋㅋㅋㅋㅋㅋㅋㅋㅋㅋㅋㅋㅋㅋㅋㅋㅋㅋ
1428,ㅋㅋㅋㅋㅋㅋㅋㅋㅋㅋ
1429,ㅋㅋㅋㅋㅋㅋㅋㅋㅋㅋㅋㅋㅋㅋㅋㅋㅋㅋㅋㅋㅋㅋㅋㅋㅋㅋㅋ
1430,ㅋㅋㅋㅋㅋㅋㅋㅋㅋㅋㅋㅋㅋㅋㅋㅋㅋ
1431,ㅋㅋㅋㅋㅋㅋㅋㅋㅋㅋㅋㅋㅋㅋㅋㅋㅋ
1432,ㅋㅋㅋㅋㅋㅋㅋㅋㅋㅋㅋㅋㅋㅋㅋㅋㅋㅋㅋㅋㅋㅋㅋㅋ
1433,ㅋㅋㅋㅋㅋㅋㅋㅋㅋㅋㅋㅋㅋㅋㅋㅋㅋㅋㅋㅋㅋㅋ
1434,치킨짓 하니깐 망한다~!!ㅋㅋㅋㅋ하하하~!
1435,아주 개박살을 내야함
1436,송파갑 송파들 니들도 정신좀차려라
1437,하나같이 절라도 많이 사는 지역이네 ㅋㅋ
1438,ㅋㅋㅋㅋㅋㅋㅋㅋㅋㅋ  - dc App
1439,홍석현이라는 정알못 역대급 병신 밑의 두 부하 윤석열 한동훈 이미 예견된 사태
1440,돼주빈과더불어n번방당
1441,어디서 이런 개 쌍년들만 골라오는지 그것도 재명이 능력이네...ㅉㅉㅉ
1442,변호사가 원래 누구나 변호하는 직업인데 뭔개소리야
1443,진보좌빨년넘들은 악마다.
1444,어질어질하네 ㅋㅋ
1445,ㅋㅋ국힘 총선 개좆망이네
1446,비난도 뽑지도 않겠습니다
1447,더 웃긴다~!더 망하지~!!모지리 같아 보인다~!
1448,저 대머리 미친새끼
1449,변희재는 과거에 여기저기 사람 따라다니면서 괴롭히는거 중계해서 돈벌던 사람.  김어준하고는 정치색을 떠나 그릇이 다름.
1450,그렇게 생각하고 사세요정신건강에는 좋겠네요
1451,ㅋㅋㅋㅋ  - dc App
1452,절라도 많이 사는 지역에서 조사 했나
1453,"비법거래소라는 서비스인데 부수입 얻으려고 글쓰는중주제 상관 없는 것 같고, 조건은 글이 좋아요 100개를 받아야 한다고 함...3월 31일까지, 100만원 주는 이벤트도 있음.https://disquiet.io/product/%EB%B9%84%EB%B2%95%EA%B1%B0%EB%9E%98%EC%86%8C"
1454,의협도 이판사판 국희의원 출마해보시지~!
1455,ㅋㅋㅋ  - dc App
1456,우리 모두 윤석열 ㅋㅋㅋ
1457,나경원 없는데?? 어딨노 삼영게이야
1458,이건 뭐  공산주의인가 ㅋㅋ
1459,윤두창 죽을때 됐네 ㅋㅋㅋㅋ
1460,고자 돼지 병신새끼들 ㅋㅋㅋ
1461,븐명히 윤석열에게 전화 왔다 ㅋㅋ
1462,선거는 = 전유권자를 대상으로 한 직접참여 여론조사로 + 당선자선출
1463,탈원전으로 나라망친거에 비하면 윤정부는 잘하고있음
1464,구태의연한 정치인들이 국회의원을 한다는게 말이 되나?
1465,도태우같은 양반들 공천하는 당에서 혀가 넘 자유스러운거 같은데?
1466,염치없는자가 권력을 잡으면 뻔뻔해질 수 있다는걸 잊으면 안된다
1467,경제 다 망하는데 국짐 뭐하냐? 환생경제 한번 더해라~
1468,친노들 말고는 노무현 언급할 자격없음
1469,====[총선] 조국혁신당 “'5.18 민주화운동 폄훼' 도태우 즉각 고발”KBS 뉴스4일 전 — 조국혁신당이 5.18 민주화운동 폄훼 발언으로 논란이 된 국민의힘 도태우 예비후보를 고발하기로 했습니다...====
1470,이재명 무기징역 확정이라 조용하지ㅋ
1471,비례의석이 50석도 안되기 때문에 전체 정당 지지도는 큰 의미가 없고 각 지역별 격전지 여론이 중요한데...
1472,조국당은 어디갔냐???
1473,민심은 천심
1474,ㅋㅋㅋㅋㅋㅋㅋㅋㅋㅋㅋㅋ
1475,ㅋㅋㅋㅋㅋㅋㅋㅋㅋㅋ
1476,ㅋㅋㅋㅋㅋㅋㅋㅋㅋㅋㅋㅋㅋㅋㅋㅋㅋㅋㅋㅋㅋㅋㅋㅋㅋㅋㅋㅋ
1477,ㅋㅋㅋㅋㅋㅋㅋㅋㅋㅋㅋㅋㅋㅋㅋ
1478,ㅋㅋㅋㅋㅋㅋㅋㅋㅋㅋㅋ
1479,ㅋㅋㅋㅋㅋㅋㅋㅋㅋㅋㅋㅋㅋㅋㅋㅋㅋㅋㅋㅋㅋㅋㅋㅋㅋㅋ
1480,ㅋㅋㅋㅋㅋㅋㅋㅋㅋㅋㅋㅋㅋㅋㅋㅋㅋㅋㅋㅋㅋㅋㅋㅋ
1481,ㅋㅋㅋㅋㅋㅋㅋㅋㅋㅋㅋㅋㅋㅋㅋㅋㅋㅋㅋㅋㅋ
1482,ㅋㅋㅋㅋㅋㅋㅋㅋㅋㅋ
1483,ㅋㅋㅋㅋㅋㅋㅋㅋ
1484,ㅋㅋㅋㅋㅋㅋㅋㅋㅋㅋㅋㅋ
1485,ㅋㅋㅋㅋㅋㅋㅋ
1486,가짜 친노들ㅋㅋㅋㅋ노무현 정신 운운하고 있나?ㅋㅋㅋㅋ
1487,징역형 조국도 싸돌아댕기는데 장예찬이 뭔 잘못???
1488,ㅋㅋㅋㅋㅋㅋㅋㅋㅋㅋㅋㅋㅋㅋㅋㅋㅋㅋㅋ
1489,좌파우파 다 썩었다 허경영이 답이다!
1490,한딸 ㅋㅋㅋㅋㅋㅋㅋㅋㅋ
1491,국회의원들 수 줄이고 무보수로 100명만해야된다
1492,물가 손놓은건 정권이잖아
1493,ㅇㅇ
1494,너 대체 뭐하는 놈이냐 - dc App
1495,ㅋㅋㅋㅋㅋㅋㅋㅋㅋㅋㅋㅋㅋㅋㅋㅋㅋㅋㅋㅋㅋㅋ
1496,ㅋㅋㅋㅋㅋㅋㅋㅋㅋㅋㅋㅋㅋㅋㅋㅋㅋㅋㅋㅋㅋㅋㅋ
1497,ㅋㅋㅋㅋㅋㅋㅋㅋㅋ
1498,ㅋㅋㅋㅋㅋㅋㅋㅋㅋㅋㅋㅋㅋ
1499,ㅋㅋㅋㅋㅋㅋㅋㅋㅋㅋ
1500,ㅋㅋㅋㅋㅋㅋㅋㅋㅋㅋㅋㅋㅋㅋㅋㅋ
1501,ㅋㅋㅋㅋㅋㅋㅋㅋㅋㅋㅋㅋㅋㅋㅋㅋㅋㅋㅋ
1502,ㅋㅋㅋㅋㅋㅋㅋㅋㅋㅋㅋㅋㅋㅋㅋㅋㅋ
1503,ㅋㅋㅋㅋ
1504,ㅎㅇㅌ
1505,국민은 니가 감옥가는걸 원한다.
1506,찢재명만 하겠어요 ㅋㅋㅋㅋ
1507,찢재명은 이미 사기 전과자에 지금은 공금횡령에 부패로 현직 재판중인데요 머 ㅋㅋㅋ
1508,사기꾼중의 사기꾼
1509,창녀도 하나 데리고 다닠
1510,사기대마왕
1511,ㅋㅋㅋㅋㅋㅋㅋㅋㅋㅋㅋㅋㅋㅋㅋㅋㅋㅋㅋㅋㅋㅋㅋㅋㅋㅋㅋㅋㅋㅋㅋㅋㅋ
1512,아 시원하네ㅋㅋ
1513,칼빵 협박 정권이네.ㅉㅉ  - dc App
1514,이게 나라냐?  - dc App
1515,최악의 독재정권
1516,이런 놈들이 푸틴을 독재자라고 비난하다니 기가 막힘
1517,보지를 칼로 확 쑤셔 찢어 ㅋㅋㅋㅋ 민주당 당대표 ㅋㅋㅋㅋ
1518,측근 연쇄의문사 대표님이 계셔서 저 정도발언은 귀요미
1519,이거 실화냐  - dc App
1520,ㅇㅇ
1521,그래도 찢재명 같은 싸패보다는 낫지 와 찢재명이 대통령 됬다고 생각해봐 ㄷㄷㄷㄷ 찢재명 찢어버린 것 만으로도 윤석열은 나라를 구한거임
1522,====구글 Ebook - 5·18팩트 저장소 - 김대령TV- 인요한 선교사님 5·18 맞짱토론 신청합니다김대령TV....https://www.bookstore21.net/youtube/inyohan.htm
1523,한국인 강제 홍어행 ㅋㅋ
1524,대한민국 국민들이 전부다 '광주시민 의식수준'으로 전향하면 곧 남조선북화통일혁명 혁명의대업이 완수될 거임
1525,ㅋㅋ
1526,일단 쌤쌤으로 정봉주 좆국 치고
1527,실화야? 진짜로?
1528,안돼 장예차니는 끝까지 가야돼 ㅋ
1529,당연함. 그래야 공평하지
1530,임태훈 저사람은 동성애 전파 활동이라도 안하지 주목적이 군인권활동가고 진짜 똥꼬충 전파 활동은 윤두창 저놈임
1531,윤석열은 파면 팔수록 양파네 ㄷㄷㄷ
1532,이게 보수?ㅋㅋㅋㅋㅋㅋㅋㅋㅋ
1533,윤빠 니들은 사기 당한거임
1534,ㅋㅋ 경상도에서도 배신감에 역풍 쳐맞겠네 근데 저 구라쟁이 저것도 개구라에 한표
1535,그럼 전라무새 두창견들은 우짜라고 ㅠㅠ
1536,ㅋㅋㅋㅋㅋ믿냐?
1537,"영암 깡촌에서 광주까지  인간들이 얼마나 돌아다닌다고  저런돈을 절라도에 쓰나?   저돈 그냥  조부모 가정,  돈없어서 수술 못받는 국민한테 써라,  절라도에 저짓하는건  국민세금 낭비다."
1538,근데 저 고속도로 윤석렬이 추진한게 아니라  절라도가 해달라고 칭얼거린거  다 알지?  븅신들이  또 윤석렬탓할거 같아서 말이야.  안해주면  절라도 차별하냐?  그러겠지.
1539,ㅋㅋㅋㅋㅋㅋㅋㅋㅋㅋㅋㅋㅋㅋㅋㅋㅋㅋ
1540,닥치고 5.18 유공자 명단 까까까대일본제국의 조선 식민지배는 축복이었다대일본제국 만세 덴노헤이카 반자이 반자이 반자이
1541,이종섭 사건 팩트 오늘 안정권 대표가 빼빠쇼에서 분명히 얘기했을텐데https://www.youtube.com/live/nvefsmdsBSo?si=k-M7aeShvny4TPJq
1542,"국정원 등의 코로나 백신 나노로봇 생체실험, 살인 예비•음모 등, 조직스토킹 인간사냥 범죄사건 조사자료 공유 구글 드라이브 https://drive.google.com/drive/folders/1aI8dPQLfeKMHa_OPqzWYgGPES_KNR1p9"
1543,"■긴급속보■ 국정원 인간사냥과, 코로나 백신에 나노로봇이 있다https://youtube.com/v/mnlJAwo_8BQ?feature=sharedhttps://youtube.com/v/T45nG07pLhE?feature=sharedhttps://youtu.be/SJwHJdfojdo?feature=shared"
1544,그런데 전부 맞말이네.
1545,안정권 대표님은 장예찬 높이 평가하던데 어제 방송에서
1546,대마초 발언 업데이트됐다이기야
1547,틀세연이 뿌린 독ㅋㅋ
1548,태경아.수학적 통계적으로 도저히 말도 안되는 일이 너한텐 절대 안일어날줄 알았냐?ㅋㅋㅋㅋㅋ이건 시작일뿐이야
1549,3선이나 했던 사람이 여성가산점 받는것부터가 미쳤지
1550,정우택 한놈 뒤지든가 말든가 관심이 없지. 저양반이 뱃지를 다는거랑 나랑은 아무관련이없음. 이왕 이렇게된거 열심히 물고 뜯어서 낙선시켜라.
1551,정우택 뱃지 못단다고 울고불고할 보수세력 1명도없을껄
1552,미개한 서울 중국집들?ㅋㅋ중국집들 들고 일어날까? ㅋㅋ
1553,서울에 절라도가 너무 많이 살고 있다.
1554,맞말
1555,고향 똥푸산인 새끼가 서울보고 미개하대ㅋㅋㅋㅋㅋㅋ
1556,난교 정도는 해야 고품격이지~
1557,이 시박새키 머구 조폭 미화 했잔아
1558,순한맛 이재명
1559,쟤 뭐하는 놈이였길래 저렇게 마구 떠들고 다녔지?
1560,윤석열의 적은 윤석열
1561,사시부활시켜야지노무짱이후로나라개판이랑께
1562,원래 그랬다~!!!!!신기할 것도없다~!사시때로 그랬음~!!!!별로 괌심없음~1
1563,로스쿨 망한 제도란건 모두 다 알지...다만 그 실패를 인정하기 싫어서 그냥 이대로 가는거다.
1564,"사시 때보다 훨씬 완화되었고, 로스쿨 입시는 지능 시험으로 결정되는데 상식적으로 대입 성공한 사람의 지능이 더 높지 않겠냐? 저게 뭐가 문제임?"
1565,"대기업 공기업 블라인드면접으로 바꾸니 오히려 sky 비율이 높아졌다는 결과도 있지. 사시나 로스쿨등 엘리트 교육은 고지능이 중요하고, 고지능인 사람들중 문과는 대부분 sky 들어가니깐."
1566,변희재는 지금까지 떠든거 하나도 이루어진것이 없음.
1567,"유영하가 이관섭 대통령 비서실장에게,""1+1"" 공천을 요구했다고?그래서 비서실장이 요구를 들어준거임?비서실장이 들어주었다고 발언하지는 않았네..  - dc App"
1568,정황의 증거  =  소설 잘 써놨어
1569,끝물이니까 눈치껏 접어라이거잖아.  - dc App
1570,변희재 쟤는 진중권이랑 사망토론할때부터 돈안주면 저리 땡깡놓는거임.   - dc App
1571,변희재는 5 18의 똥통 늪에서 빠져나와야 산다.지만원 전광훈 도태우 같은 자가 되지 않으려면
1572,지가 518 깐 과거 끌려나올까봐 약치는거지 니도 당해야 되는데존재감이 ㅋㅋㅋㅋ
1573,???: 우리 일베 출신 누구 있나
1574,민주당은 북한이 공천한거냐??
1575,한동훈 특검 가좌
1576,쟤들은 걸핏하면 탄핵 걸핏하면 특검 저게 뭐 애들 장난임?
1577,가즈아
1578,고 - dc App
1579,"가즈아~, 조국은 감옥으로~"
1580,문성근이가 김일성 사진 올렸다~!!!그런데 문성근이는 조국혁신당 후원자라고 하더라~!!!북한은 반대한다~!!!!!!!!!
1581,윤석열->탄핵김건희->특검한동훈딸->특검윤석열 담당일진->조국
1582,김건희 한동훈 감옥으로
1583,논리적인 척은 다 하면서 피장파장의 오류가 습관이네ㅋㅋㅋ 추하다
1584,왕초보 150석 국힘당 100석 민주당 50석 좌익은 전멸이 이게 제일루 조아~1
1585,퇴직금 50억 정도 받고 난교도 좀하고 일베도 좀하고 친일하다가 나라도 좀 팔아먹고 그래야 보수지
1586,나경원은 국회선진화 법 위반으로 진작에 판결 받고 감옥 갔어야 하는것 아닌가?
1587,나베(음식이름)ㅋㅋㅋㅋ
1588,아 존나 못생겼네 저여자
1589,"좌빨들 할줄아는건  괴담, 선동질, 데모질,. 빨갱이질 뿐이지."
1590,3조 3천억은 33이네? 삼삼드레가 먹었을 듯.
1591,디올백안에 들어갔을지도 모른다ㅋㅋ
1592,밑구녕에 숨겨놨나
1593,그만 좀 했으면 좋겠다~!닭같다~!!!!
1594,맞는말인데?
1595,과거보다 현재중요. 너무나도 당연한 말이잖아
1596,국힘88대장ㅋㅋ
1597,주옥같은 문학의 밤ㅋㅋㅋㅋ
1598,그냥 프리메이슨인가~!!!!
1599,변태의 힘 납셨네. 대마예찬하던 놈이라  sns에 저딴거 처올릴때 제정신이었는지 진심 궁금함
1600,ㅋㅋㅋ  - dc App
1601,또 칠대남이냐
1602,Zz  - dc App
1603,저게 국민의 힘이다 국힘이 아니라 국민의 역적
1604,장학생 이토히로부미 빨아주는 2찍
1605,앞으로 노스페이스는 사지 않겠습니다. 오너리스크가 뭔지 깨달았으면...
1606,2찍 회사ㅋㅋㅋㅋ
1607,2찍 북 레드 스페이스
1608,"문광섭판사 ㅡ2021.02~ 서울고등법원 부장판사2018.10 충청남도선거관리위원회 위원장~2021.02 대전고등법원 수석부장판사 ㅡ역시나 김명수 작품ㅡ고위법관 재산신고 문광섭 서울고등법원부장판사 165억1000억원으로 뒤를 이었다. 1966년생 '박사방' 조주빈, 2심서 징역 45→42년으로 줄어"
1609,자랑스런 1찍입니다 ㅋㅋ
1610,2찍이 발작버튼인가?ㅋㅋㅋㅋㅋㅋㅋㅋㅋㅋㅋㅋㅋㅋㅋㅋㅋㅋㅋㅋㅋㅋㅋㅋㅋㅋㅋ
1611,아이조아~| ㅋㅋ
1612,좋아 더 해줘~
1613,도태우 : 난데?
1614,추가로 국짐은 경선때 여조로 하기 때문에 관련 지지자들이 수천명 단위로 전화대기해서 경선기간중  여조가 크게 왜곡됨  - dc App
1615,미국도 여론조사 전화 집으로만 돌려서 공화당백인노인네들만 받나봄
1616,ㅇㅇ
1617,국힘 한동훈 총선 악재 계속 터져 나오네 정계은퇴하라는 하늘의 계시인가보다
1618,돈봉투당 국짐
1619,김중공산당사위는 불법건축의혹도 있잖아. 1찍들 열심히 일 안하냐? 1찍이던2찍이던 중공속국되는건 막아야지
1620,내편은 죄가없당께 ㅋㅋㅋ
1621,윤로남불
1622,그래서 윤석열은 더 망해야함
1623,내가 문재인하고 이낙연에게 느낀 배신감 생각하면
1624,두놈이 한팀이니 윤석열이 온갖 병크짓 해도 좌파 촛불 단체들이 아갈묵념 하고 있지 ㅋㅋ
1625,돈왕창 먹였나 부다~!
1626,이번 총선에서 검찰당이 승리하거나 120석이상 가져가면  해외로 탈출하는게 좋을꺼야.  중공군이 쳐들어와서 다 총알받이 뒈질테니.
1627,ㄴ ㅋㅋㅋㅋㅋㅋ  - dc App
1628,대통령이 문죄앙 검찰총장이고 지금은 문죄앙 정권 8년차 당연히망하지
1629,망해도 그냥 망한 수준이 아님
1630,이미 문재앙때 망했는데 문가놈 충견 윤두창이가 보수 대표로 나와가지고 지 주인 방패막이 하면서 보수 전멸하게 계속 트롤짓 하고있는거임 근데 누구 탓도 못하는게 보수 지지자들이 뇌 없는 틀딱 병신들이라 깨닫지도 못하고 뒤져가는거임ㅇㅇ
1631,씹 ㅋㅋㅋㅋㅋㅋㅋㅋㅋㅋ
1632,맞는말이네 좋은 프로그램
1633,정권심판론 ㅇㅈ
1634,변뚱은 껒
1635,석사장교 새끼.
1636,ㅇㅇ
1637,윤두창 좆됨
1638,ㅋㅋ
1639,두창견들 유럽 복지 선진국가 스웨덴 빨갱이 타령 조만간 나올거임 ㅋㅋ
1640,ㅇㅇ
1641,연구결과 보긴했냐 ㅋㅋㅋ
1642,ㅋㅋㅋㅋㅋㅋㅋㅋㅋㅋㅋㅋㅋㅋㅋㅋㅋㅋㅋㅋㅋㅋㅋㅋ
1643,ㅋㅋㅋㅋㅋㅋㅋㅋㅋㅋㅋㅋㅋㅋㅋㅋㅋ
1644,ㅋㅋㅋㅋㅋ
1645,ㅋㅋㅋㅋ
1646,ㅋㅋㅋㅋㅋㅋㅋㅋㅋㅋㅋㅋㅋㅋㅋㅋㅋㅋㅋ
1647,ㅋㅋㅋㅋㅋㅋㅋㅋㅋㅋㅋㅋㅋㅋㅋㅋㅋㅋㅋㅋㅋㅋㅋㅋㅋㅋㅋㅋ
1648,ㅋㅋㅋㅋㅋ
1649,ㅋㅋㅋㅋㅋㅋㅋㅋㅋㅋㅋㅋㅋㅋㅋㅋㅋㅋㅋㅋ
1650,ㅋㅋㅋㅋㅋㅋㅋㅋ
1651,ㅋㅋㅋㅋㅋㅋㅋㅋㅋㅋㅋㅋㅋㅋㅋㅋ
1652,ㅋㅋㅋㅋㅋㅋㅋㅋㅋㅋㅋㅋㅋㅋㅋㅋㅋㅋㅋㅋㅋㅋㅋ
1653,ㅋㅋㅋㅋㅋㅋ
1654,한동훈이 저런 말을 할 줄이야.뒤통수 치는거냐? 책임 전가하는거냐?ㅋㅋㅋ  - dc App
1655,"한동훈은 윤석열에게,김건희 주가조작 특검이나 받으라고 직언해야 양심적인거지.  - dc App"
1656,"원래 조직이나 그룹이 망할때의 전형이, 저런식으로 사람들의 주둥이가 관리가 안됨.  아무얘기나 막 나오기 시작하고, 서로 책임전가만 하게 됨."
1657,성괴나 내보내
1658,좆망한건 잘알고 있나보네
1659,총선때 불지옥이 뭔지 제대로 맛보게 될거다
1660,경제를 이렇게 개판 쳐놨으니 당연한 결과야 경제 현장에 있는 사람들이 가만 안놔두겠다는데아무리 외쳐봐야 들리지도 않거든 공약은 안 지키는거이미 봐왔고 아무리 민주당이 병신이라고 해도윤석열당보단 아니라는게 결론임
1661,이래서 세상은 재밌어 ㅋㅋ
1662,생각해보면 지금 정치판에서 제일 큰 변수를 만들어낼수 있는건 조국신당이네
1663,"그전에 조국은 감방 갈거 같은데,  두번이나 2년 징역형 받았잖아, 그것도  항소했는데  법원이 징역 2년 때림 ㅋㅋㅋ"
1664,한븅신
1665,병신새끼
1666,그럴가능성 있음 이준석도 수상한 놈
1667,변희재는 팩폭은 잘하지.   - dc App
1668,ㄹㅇ ㅋㅋ
1669,ㅇㅇ
1670,추천 주신분들 ㄱㅅㄱㅅ
1671,제네 온가족이 작년 11월에 천주교 가입/구독 했는데좀 수상하지?(예수회 문재인 후임?)
1672,"쪼국  재판에서  두번이나 유죄판결,  얼른 감옥가자."
1673,사이비 교주냐? 물위도 걷지 그러냐? ㅋㅋㅋ
1674,빵에가서 운동하면 더 쎄질듯 ㅋㅋㅋ  - dc App
1675,키 존나 큼
1676,지금이라도 조국이 검사해서 윤석열 한동훈 탈탈 털면 안되나
1677,퍼가도 됨?
1678,중독되는데? ㅋ 계속보게됨
1679,고맙다 찰스형! - dc App
1680,안철수 아직도 현역이야? 지난번에 국힘에서 잘린 거 아니었나? 초딩 안철수 오래가네
1681,목소리만 들어도 짜증나는 인간.
1682,"좌빨들은  거짓, 조작, 괴담, 선동, 데모질 빼면 시체"
1683,말이 보수 과표집 사실상 여론조사 조작
1684,ㅋㅋㅋㅋㅋ 그 공장꺼를 들고오넼ㅋㅋㅋㅋㅋ 아직도 그 공장에서만 사냐
1685,말이 과표집이지 지지율 조작임
1686,전청조총련 왕진진보
1687,우리 국회에서 만납시다.
1688,미친년 저날 도봉구 첨 간듯..ㅋㅋㅋ
1689,전여옥이나 빨어라 2찍 일베새끼들아
1690,"한동훈 본색을 드러내는게 아니고,  이렇게 해서 욕받이로 쓰려던거 이제 시간이 된거지."
1691,박그네 뒤에 있는 거 같다~!!김명X도 뒤에 있고~!!!!!한씨가 그냥 될대로 되란식으로 하는 거 같은데~!!특히 박그네 박그네 잇는 거 아닌가~!
1692,윤석열 한동훈은 원래 한몸이야 그 배후가 중앙 홍석현이고 이명박도 공범
1693,친일본색?ㅋㅋㅋㅋㅋㅋㅋㅋㅋ
1694,재팬 게이트 ㅋㅋㅋㅋㅋㅋㅋㅋㅋㅋㅋㅋㅋㅋㅋㅋㅋㅋㅋㅋㅋㅋㅋㅋㅋㅋㅋㅋㅋㅋㅋㅋㅋㅋㅋㅋㅋㅋㅋㅋㅋㅋㅋㅋㅋㅋㅋㅋㅋㅋㅋㅋㅋㅋㅋㅋㅋㅋㅋㅋㅋㅋㅋㅋㅋㅋㅋㅋㅋㅋㅋㅋ
1695,"====5·18 헌법 수록 추진본부 9월 발족 ""여야 협력""KBC광주방송 -2023. 8. 15. — 5·18 정신을 헌법 전문에 수록하기 위한 개헌 준비가 여야 의원들의 참여로 속도를 내고 있습니다. 국민의힘 하태경, 성일종 의원이 추진본부 상임대표직 ...===='5·18 헌법 수록 추진본부' 9월 발족…개헌 준비에 '탄력' - SBS 뉴스SBS 뉴스2023. 8. 17. — 5·18 정신을 헌법 전문에 수록하기 위한 개헌 준비가 여야 의원들의 참여로 속도를 내고 있습니다. 국민의힘 하태경, 성일종 의원이 추진본부 상임 ..."
1696,안중근의 거사명분인 동양평화와 한일우호
1697,매국노들이 의료개혁이라고 사기치니
1698,자가당착 ㅋㅋㅋㅋㅋㅋㅋㅋㅋㅋㅋㅋㅋ
1699,내로남불ㅋㅋㅋㅋㅋㅋㅋㅋㅋㅋㅋㅋㅋㅋㅋㅋㅋㅋㅋㅋㅋㅋㅋㅋㅋ
1700,사이다
1701,징역 2년 받은 넘이 주둥이만 살아서 ㅋㅋㅋㅋㅋ
1702,ㅋㅋㅋㅋㅋㅋㅋ
1703,"저거 몇주 전거고, 송파도 먹음"
1704,ㄴ ㅋㅋㅋ  - dc App
1705,여론조사(선관위가 전국민을 대상으로 실시하는 직접참여 여론조사)의 열매(당선자선출)인 선거
1706,절라도 밀집 지역
1707,필승 민주당
1708,당연한 결과지 ㅋㅋㅋㅋㅋ
1709,■■■ 김거늬 보지 수술 부작용 보행불가 ㅋㅋㅋㅋ■■■
1710,ㄹㅇ
1711,개딸들 다 몰려갔구나ㅋ
1712,세기와더불어우리북한당 & 혁명조국당....남로당의후예 재한조총련의 혁명조국인 조선노예주의노비공화국 똥돼지핼조선
1713,이거 큰일이군~!!!!민주당은 쫄딱망한다~!!!!!!
1714,이재명과 조국이 심판?코메디도 정도껏 해야지.ㅉㅉ  - dc App
1715,여시 조선족들이잖아
1716,일베 일본 찬양 꼴통 보수 새끼들 몰려왔네 ㅋㅋ
1717,"MBC 여조가 의미있는 이유는 고정패널을 대상으로 하는 조사임. 같은 사람들에게 이슈,시간별로 마음의 변화를 체크하는데 포커싱 되어있는 여조. 민심의 흐름을 제대로 알수 있음"
1718,제발 보수 과표집된 여조에 좀 흔들리지 마라.ㅋㅋㅋㅋㅋㅋ
1719,방심하지말고 더 박차를 가해서 200석 달성하자 목표 크게 잡아야 성과도 큼 부정선거 관리 감시 철저
1720,kbs에서는 서울에서  국힘이 훨 높게 나왔던데?
1721,헤경궁실 제조상궁이 아녓다는 건가
1722,그나저나 순천지역구니 남로당 빨갱이반란군이 피바다혁명 킬링필드를 건설한 여순반란에 대한 입장이나 내놔보길
1723,개쓰레기 새끼들 총선 대승리하고 정권 교체하고 확쓸어내야함
1724,저거 일본 지도냐 ㅋㅋ
1725,남로당과 후예 재한조총련 반역매국노들은 대한민국 국립묘지서 파묘해 똥돼지네 혁명열사릉으로
1726,ㄹㅇ
1727,공수처 수사대상을 해외대사로 임명한다?ㅋㅋㅋㅋㅋ
1728,범죄 피의자 도주를 돕는 것도 범죄 아닌가?
1729,엄청난 사건의 피의자 인데 출국금지 시켜야 하는거 아닌가?
1730,이런 윤두창 국짐 빠는 20대들은 정신나갔지 징집군인 취급을 이렇게 개차반으로 보고있는데
1731,지가 얽혔으니핵심 증인 빼돌리기는..그리고 지금은 치외법권(그들의 자유 위한) 좃헌민국이 맞다김건희 방탄까지 불법 남발은 누가 하는지
1732,이재명 짱
1733,레밍조총련 세기와더불어우리북한당 수석레밍 레명이와 레밍증후군 자살들쥐떼
1734,황교안이 동원된 구름인파 지랄하다 이낙연한테 처발렸지ㅋㅋㅋㅋㅋㅋㅋㅋㅋㅋㅋㅋㅋㅋㅋㅋ
1735,저장해놨다가 개표날 올려주지..ㅋㅋㅋ
1736,김어준 무당이 여론조사래 ㅋㅋㅋㅋ
1737,서울 영등포 을은 조사가 튀었다고 함
1738,여론조사의 꽃 이름부터 좃같네 이건뭐 초딩이 이름지었냐ㅋㅋㅋㅋㅋㅋㅋㅋㅋㅋㅋㅋㅋㅋㅋㅋㅋㅋㅋㅋㅋㅋㅋ
1739,최소 보이스피싱 500이상 당한 놈들이나 이런거 믿지
1740,부정선거감시만 철자하게 하자
1741,이낙연 박지현 계통?
1742,"대선 때 골판지들고 선거운동 희화화시키고, 방송나가서 김건희 녹취록 피곤하다 그만하자는 청년정치 호소인 아닌가?ㅋㅋㅋㅋㅋ"
1743,신나게 내부총질 할 젊은 조정훈?ㅋㅋㅋㅋ
1744,ㄹㅇ
1745,이준석 자기 논란 때문에 팽 당한걸 아직 모르네
1746,이준석이 정확하게 예측하고 있는데
1747,선거끝나고 이놈 ㅅㅈ 하는게 아닌가싶음... 진짜 정신병자 같아  - dc App
1748,ㅋㅋㅋㅋㅋ
1749,ㅋㅋㅋㅋㅋㅋㅋㅋㅋㅋㅋㅋㅋㅋㅋㅋㅋㅋㅋㅋ
1750,ㅋㅋㅋㅋㅋㅋㅋㅋㅋㅋ
1751,ㅋㅋㅋㅋㅋㅋㅋㅋㅋㅋㅋㅋㅋㅋㅋㅋㅋㅋ
1752,ㅋㅋㅋㅋㅋㅋㅋㅋㅋㅋㅋㅋㅋㅋㅋㅋㅋㅋ
1753,ㅋㅋㅋㅋㅋㅋ
1754,ㅋㅋㅋㅋㅋㅋㅋㅋㅋㅋㅋㅋㅋㅋㅋㅋㅋㅋㅋㅋㅋㅋ
1755,ㅋㅋㅋㅋㅋㅋㅋㅋㅋㅋㅋㅋㅋㅋㅋㅋㅋㅋㅋㅋㅋ
1756,ㅋㅋㅋㅋㅋㅋㅋㅋㅋㅋㅋㅋ
1757,ㅋㅋㅋㅋㅋㅋ
1758,ㅋㅋㅋㅋㅋㅋㅋㅋㅋㅋㅋㅋㅋㅋㅋ
1759,ㅋㅋㅋㅋㅋㅋ
1760,ㅋㅋㅋㅋㅋㅋㅋㅋ
1761,ㅋㅋㅋㅋㅋㅋㅋㅋㅋㅋㅋㅋ
1762,병신
1763,정잘알 정규재
1764,이재명 이땅에서 유대 자본 다 쓸어내자
1765,널리 널리 퍼뜨려주시길
1766,조용히 태울뿐
1767,역시 정규재가 보는 눈이 있네
1768,정규재가 윤빠들한테 일침 가했네 ㅋㅋ
1769,정잘알 정규재
1770,변희재 말마따나 정규재 윤창중 같이 진심으로 이재명 정치천재라고 빠는 놈들은 미친 놈들이지
1771,이재명 수행비서 안농운ㅋㅋㅋㅋㅋ
1772,턱주가리 보소 ㄷㄷ
1773,한가발 개스끼 눈깔 날리고 싶네
1774,한동훈 찢 1대1토론 ㅋㅋㅋㅋㅋ 찢 빤쓰런함 ㅋㅋㅋㅋ
1775,재한조총련 부정선관위가 5일이내 2차례 실시하는 사전여론조사와 당일여론조사의 지지율을 보길...지지율이 2배 차이나는 조작여론조사
1776,"제국주의 일제의 식민지 시절의 3.1운동정신은, 대한민국을 남침전쟁서 지켜준 자유민주주의우방국 일본과 안보동맹으로 승화시켜야"
1777,===='일본 없었다면 대한민국 공산화 됐다?'...6.25전쟁의 아이러니 ...mk.co.kr2023. 1. 22. — Q. 과거 냉전은 6.25를 거치며 가속화 됐다. 그런데 알고보면 일본이 6.25에 매우 깊이 관여했다던데?
1778,딱 봐도의도적이네 - dc App
1779,돼일성의 남침전쟁 유도유치 할려고 미군철수를 부르짖은 김구 & 돼정은의 남침전쟁 유도유치 할려고 반미반일선동에 미군철수 선동하는 돼명이
1780,헐~  - dc App
1781,====구글 Ebook - 5·18팩트 저장소 - 김대령TV- 인요한 선교사님 5·18 맞짱토론 신청합니다김대령TV....https://www.bookstore21.net/youtube/inyohan.htm
1782,Exactly
1783,변똥  - dc App
1784,ㅇㅇ 아직도 눈치 못깠으면 능지 의심해봐야
1785,정부지침대로 미세먼지 좋으면 파란색으로 한건데일단 싸지르고나면 마사지해주는 언론과 무지성으로 믿는 2혼진이 있으니까ㅋㅋㅋㅋ
1786,윤석열이 일본 퍼주느라 경제 폭망해도 진지하게 일본 방문(2찍들) 증가했다고 열변을 토하는 2찍 수준ㅋㅋ
1787,저거 완전 미친년이네 이재명이 저딴것들만 죄다 공천 했다는 얘기잖아....
1788,한동훈은 정신연령이 딱 지 둘째 아들 수준임. - dc App
1789,미세먼지라고 안하고 그냥 서울 1이라고 하면  당연히 오해 할만 하지안귀령 멍청한거 ㅋ
1790,맞는말임
1791,경제 다 망쳐놓고 의사들 건드려서 민영화하려고 하고 있음
1792,식당에 갈때마다 고물가로 열받는다. - dc App
1793,ㅇㅇ
1794,오히려 통과되었다면 총선 민주당도 안심 못했을듯 ㅋㅋ 근데 아주 지들이 자폭 자멸의 길로 가네 윤두창과 한뚜껑 국힘
1795,이번 총선은 한뚜껑 정계 은퇴 무대가 될것임
1796,그간 그렇게 특검주장하던 민주당이 역풍 두려워 부결시킨거
1797,ㅋㅋ 총선때 제대로 이거 심판당할거임
1798,지지율 백날 조작해도 소용없음 민심은 총선에서 드러남
1799,이제 윤석열과 한동훈은 마음놓고 윤핵관 검사들 공천하겠구만!
1800,검사공천하고 시끄러워지라는 민주당의 전략이지.  - dc App
1801,맞을걸 보험사들 주가오른거보면
1802,ㅋㅋㅋㅋㅋㅋㅋㅋㅋㅋㅋㅋㅋㅋㅋㅋㅋㅋㅋ
1803,영화 시나리오 작가 했으면 대성했을듯 ㅋㅋㅋ
1804,ㅋㅋ  - dc App
1805,남조선북화통일혁명 혁명의대업이 완수되면 똥돼지네 전용 '1호도로'가 될 양평서울고속도로
1806,"====이법철 칼럼 6.25전야로 치닫는 '좌익시대'선운사의 학살 지옥도, 들어보셨나요?이법철 스님뉴데일리2011. 12. 4. — 선운사가 있는 도솔산의 참극禪雲寺(선운사, 전북 고창군 아산면 삼인리, 소재)는 백제시대 고승 黔丹禪師(검단선사)가 창건한 유서깊은 천년고찰이다. 또 선운사는 대한불교 조계종 소속으로 제24교구 본사이다. 禪雲寺의 主山(주산)은 도솔산이다. 선운사의 경내주변은 물론이요, 도솔산 처처에는 동백나무가 군락을 이루고 있어 동백꽃이 아름답고, 이미자의 ‘동백아가씨’ 구슬픈 노래가 항상 들리는, 관광객들이 즐겨 찾는 명승지다."
1807,해촉이후 처리된 모든건은 무효?
1808,청부 민원 역풍?
1809,그러게 누가 박정희당에 표를 주래?
1810,안진걸 사형  - dc App
1811,손혜원 그작자는 ~~~~송영길 이작자가~~ㅋㅋㅋ 들린다들려
1812,정상아니다
1813,ㅋㅋㅋㅋㅋ
1814,선당후사를 위해 총선에 열심히 지원하겠습니다 하면 당원들 맘을 돌 릴 수 있었을텐데...
1815,입틀막 의사 각도기 터졌다 ㅋㅋㅋㅋㅋㅋㅋㅋㅋ
1816,골 때리네 태세 전환 ㅋㅋㅋㅋㅋㅋ
1817,지랄도 풍년이요.  세상을 그간 얼마나 좆구멍속에서 살았으면 이런 머저리같은 생각을 떳떳하게 올려요?    나가 뒈져야 한다고 봐요
1818,이민 가라 - dc App
1819,맞말 부칸 지령받아 국방 안보 중요 기술 부칸으로 넘겨주고 한국은 서서히 공산화된다 전쟁 일어나면 찢제명은 부칸편에 설지도 모름 총선에서 민주당이 져도 소수의 간첩이 국회에 들어어면 한국이 위험해진다
1820,대가리 빈 틀딱들은 이런 거 어디서 줏어듣냐?
1821,이민 못가. 일베들 비누 되야됨  - dc App
1822,이런것들이 있으니 나라가 이모양 이꼴이지친일기득권에 나라 팔아먹은줄도 모르고
1823,"국민의힘, 민주당에 여론조사 4대 0 완승 ㅋㅋㅋㅋㅋㅋ"
1824,사람가축화 배급사료 기본소득제
1825,능지가 있을까 그런 이해를 할
1826,드뎌 시작이다
1827,윤석열 앞에 던져진 의료개혁.누구의 지시인가?
1828,윤쩌뚱의 문화대혁명
1829,ㅋㅋㅋ  - dc App
1830,홍석현 회장 믿고 깝치지만 어쨰 지도 총선 좃될거같은 느낌 서늘하게 다가오긴 할거야
1831,레전드노 ㅋㅋㅋ  - dc App
1832,팩폭 ㅋㅋㅋㅋㅋㅋ
1833,"""윤석열 검찰정권에 정치보복은 있어도 민생은 없다"""
1834,"행동도 행동이지만, 저 표정은 볼때마다 기괴하네ㅋㅋㅋㅋ"
1835,권력뽕에 취한 관종(주어없음) ㅋㅋㅋㅋ
1836,건국전쟁이 왜 친일인데?
1837,뇌있으면 친일을 왜빨아ㅋㅋ
1838,또 간첩이 건국전쟁 헛소문 퍼트렸나 봄
1839,ㅠㅠ..b 반박불가
1840,대한민국 vs 조선노예주의노비공화국
1841,이승만 박정희 추종하는 것들은  ..... 러시아 가면 푸틴을 빨놈들이지..ㅎㅎ
1842,팩트)정작 김일성 분향소를 차린 곳은 호남이다
1843,"좌빨들이 이승만, 박정희, 전두환에 발작하는 이유... 이 셋이 한반도 공산화 통일의 가능성을 영원히 날려버림..ㅋㅋㅋ"
1844,ㅋㅋㅋ전부 전멸하긋네 대구 경북만 제외하고
1845,좋아 좋아 분열해라 친윤놈들
1846,항간에 떠도는 소문대로 총선 어떻게 되든 관심 없고 자기들 공천만 중요하고 결국에는 이재명 정치 인생을 끊기 위해서 그러는 건가?
1847,공작이란다 ㅅㅂ입장료지
1848,건희 만날라면 입장료 내야한다는 반징이지
1849,홍카콜라 팩폭했네
1850,아주 경제를 개박살 개작살 내는중임
1851,외국애들이 검사 출신들 대통령으로 세우지 않는건 다 이유가 있는거지
1852,대기업재벌들이 나서서 윤씨탄핵할듯. - dc App
1853,미친독재자임
1854,의사샘들과 국민들 연합해야함
1855,변가ㄴ 또 이때다 싶어 나대는군?ㅋ 의대 증원 동결하겠다면 동결한다고 ㅈㄹ했을 ㅅㅋ ㅋ 윤통 하는거에는 걍 반대를 위한 반대하는 ㅅㅋ
1856,보이스 피싱 안잡고 패미로 한국 남자들만 뚜들겨패고 의사들만 족치려고하네 민영화하려고
1857,병신같은 소리하지마라. 미국행님이 시키는대로 하면서 국익 챙기는 대통령이 제일 위대한 대통령이다. 핵개발은 ㅆㅂ ㅋㅋ
1858,트럼프 뽑는건 잘하는일 바이든보단 훨낫지
1859,오늘 오후 6시에 윤하 대전 콘서트 함. 오고싶은 사람 오셈소식 알려주고 감오전 11시 이후에 살거면 현장판매에서 사면 되고그전에 살거면 온라인으로 사서 현장수령하면 됨  - dc App
1860,사방이 윤석열의 적이네 윤석열 누구 믿고 저렇게 깝치냐
1861,이쯤되면 아크로비스타 압색 가야 하는거 아닌가?
1862,거늬 슬슬 나오려다가 다시 쏙 들어가겠군ㅋㅋㅋㅋ
1863,이런데도 지지한다고?  이야 독하다 독해..
1864,외국회사 쪼끄마난 싸구려 디올 정도는 명품 축에도 못 끼잖아 샤넬 정도는 돼야
1865,양파네
1866,1찍 개딸 찢빠들이 윤석열 까는거보면 윤석열은 찐우파임 ㅋㅋㅋㅋㅋㅋㅋㅇㅈ???
1867,잡읍이 아니라 파열음이라 문제 없나?ㅋㅋㅋㅋㅋ
1868,진즉에 후쿠시마 바닷가 가서 바닷물이라도 쳐마시지 뭐하고 있다가 이제 나와서 이발 하시나요?
1869,귀틀막
1870,이나라에 언론이 있긴한가
1871,조국의 시간은 온다
1872,조국은 바로바로 고소하니 조심하시길!
1873,윤빠들 좆됐네
1874,이대표가 제외하겠자
1875,가상이라고 써놨는데. .이제 정치풍자도 못하게 하나?
1876,ㅋㅋㅋㅋㅋ
1877,국민들이라도 널리 퍼뜨려줘야지
1878,ㅋㅋㅋ  - dc App
1879,참 조용한 공천이네?ㅋㅋㅋㅋㅋ입틀막 공천ㅋㅋㅋㅋㅋㅋㅋㅋ
1880,좆같은 놈들
1881,역시 우리 국민들은 똑똑하다니까
1882,아싸
1883,경남도 민주당이 접수하자
1884,짜란다!
1885,조국의 반격 ㄷㄷㄷ
1886,조국이 기득권 편에 섰지 ㅋㅋㅋ 내각제파들 얼굴마담으로 세웠네
1887,ㅋㅋㅋ
1888,국민들이 민영화 수작 간파한듯
1889,ㅎㅎㅎ
1890,"盧 명예훼손 정진석·돈다발 가짜뉴스 장영하 등 단수공천..野 ""한동훈 소리만 요란한 깡통""https://www.amn.kr/47181"
1891,조폭 연관된거 맞자나  - dc App
1892,정치공작이였네
1893,윤석열 한동훈 둘다 반드시 빵에 쳐넣어라
1894,이럴땐 이준석이 참 이뻐 바른말은 한다니까
1895,ㅋㅋㅋ국민들 각성하겠네
1896,2찍이였는데 팽당햇네 ㅋㅋㅋㅋㅋㅋㅋㅋㅋ
1897,도도강 ㅋㅋ
